name,generation,height_m,weight_kg,type1,type2,abilities,hp,attack,defense,speed,sp_attack,sp_defense,base_egg_steps,percentage_male,is_legendary
Bulbasaur,1,0.7,6.9,grass,poison,"['Overgrow', 'Chlorophyll']",45,49,49,45,65,65,5120,88.1,0
Ivysaur,1,1.0,13.0,grass,poison,"['Overgrow', 'Chlorophyll']",60,62,63,60,80,80,5120,88.1,0
Venusaur,1,2.0,100.0,grass,poison,"['Overgrow', 'Chlorophyll']",80,100,123,80,122,120,5120,88.1,0
Charmander,1,0.6,8.5,fire,-1,"['Blaze', 'Solar Power']",39,52,43,65,60,50,5120,88.1,0
Charmeleon,1,1.1,19.0,fire,-1,"['Blaze', 'Solar Power']",58,64,58,80,80,65,5120,88.1,0
Charizard,1,1.7,90.5,fire,flying,"['Blaze', 'Solar Power']",78,104,78,100,159,115,5120,88.1,0
Squirtle,1,0.5,9.0,water,-1,"['Torrent', 'Rain Dish']",44,48,65,43,50,64,5120,88.1,0
Wartortle,1,1.0,22.5,water,-1,"['Torrent', 'Rain Dish']",59,63,80,58,65,80,5120,88.1,0
Blastoise,1,1.6,85.5,water,-1,"['Torrent', 'Rain Dish']",79,103,120,78,135,115,5120,88.1,0
Caterpie,1,0.3,2.9,bug,-1,"['Shield Dust', 'Run Away']",45,30,35,45,20,20,3840,50.0,0
Metapod,1,0.7,9.9,bug,-1,['Shed Skin'],50,20,55,30,25,25,3840,50.0,0
Butterfree,1,1.1,32.0,bug,flying,"['Compoundeyes', 'Tinted Lens']",60,45,50,70,90,80,3840,50.0,0
Weedle,1,0.3,3.2,bug,poison,"['Shield Dust', 'Run Away']",40,35,30,50,20,20,3840,50.0,0
Kakuna,1,0.6,10.0,bug,poison,['Shed Skin'],45,25,50,35,25,25,3840,50.0,0
Beedrill,1,1.0,29.5,bug,poison,"['Swarm', 'Sniper']",65,150,40,145,15,80,3840,50.0,0
Pidgey,1,0.3,1.8,normal,flying,"['Keen Eye', 'Tangled Feet', 'Big Pecks']",40,45,40,56,35,35,3840,50.0,0
Pidgeotto,1,1.1,30.0,normal,flying,"['Keen Eye', 'Tangled Feet', 'Big Pecks']",63,60,55,71,50,50,3840,50.0,0
Pidgeot,1,1.5,39.5,normal,flying,"['Keen Eye', 'Tangled Feet', 'Big Pecks']",83,80,80,121,135,80,3840,50.0,0
Rattata,1,,0.3,normal,dark,"['Run Away', 'Guts', 'Hustle', 'Gluttony', 'Hustle', 'Thick Fat']",30,56,35,72,25,35,3840,50.0,0
Raticate,1,,0.7,normal,dark,"['Run Away', 'Guts', 'Hustle', 'Gluttony', 'Hustle', 'Thick Fat']",75,71,70,77,40,80,3840,50.0,0
Spearow,1,0.3,2.0,normal,flying,"['Keen Eye', 'Sniper']",40,60,30,70,31,31,3840,50.0,0
Fearow,1,1.2,38.0,normal,flying,"['Keen Eye', 'Sniper']",65,90,65,100,61,61,3840,50.0,0
Ekans,1,2.0,6.9,poison,-1,"['Intimidate', 'Shed Skin', 'Unnerve']",35,60,44,55,40,54,5120,50.0,0
Arbok,1,3.5,65.0,poison,-1,"['Intimidate', 'Shed Skin', 'Unnerve']",60,95,69,80,65,79,5120,50.0,0
Pikachu,1,0.4,6.0,electric,-1,"['Static', 'Lightningrod']",35,55,40,90,50,50,2560,50.0,0
Raichu,1,,0.8,electric,electric,"['Static', 'Lightningrod', 'Surge Surfer']",60,85,50,110,95,85,2560,50.0,0
Sandshrew,1,,0.6,ground,ice,"['Sand Veil', 'Sand Rush', 'Snow Cloak', 'Slush Rush']",50,75,90,40,10,35,5120,50.0,0
Sandslash,1,,1.0,ground,ice,"['Sand Veil', 'Sand Rush', 'Snow Cloak', 'Slush Rush']",75,100,120,65,25,65,5120,50.0,0
Nidoran♀,1,0.4,7.0,poison,-1,"['Poison Point', 'Rivalry', 'Hustle']",55,47,52,41,40,40,5120,0.0,0
Nidorina,1,0.8,20.0,poison,-1,"['Poison Point', 'Rivalry', 'Hustle']",70,62,67,56,55,55,5120,0.0,0
Nidoqueen,1,1.3,60.0,poison,ground,"['Poison Point', 'Rivalry', 'Sheer Force']",90,92,87,76,75,85,5120,0.0,0
Nidoran♂,1,0.5,9.0,poison,-1,"['Poison Point', 'Rivalry', 'Hustle']",46,57,40,50,40,40,5120,100.0,0
Nidorino,1,0.9,19.5,poison,-1,"['Poison Point', 'Rivalry', 'Hustle']",61,72,57,65,55,55,5120,100.0,0
Nidoking,1,1.4,62.0,poison,ground,"['Poison Point', 'Rivalry', 'Sheer Force']",81,102,77,85,85,75,5120,100.0,0
Clefairy,1,0.6,7.5,fairy,-1,"['Cute Charm', 'Magic Guard', 'Friend Guard']",70,45,48,35,60,65,2560,24.6,0
Clefable,1,1.3,40.0,fairy,-1,"['Cute Charm', 'Magic Guard', 'Unaware']",95,70,73,60,95,90,2560,24.6,0
Vulpix,1,,0.6,fire,ice,"['Flash Fire', 'Drought', 'Snow Cloak', 'Snow Warning']",38,41,40,65,50,65,5120,24.6,0
Ninetales,1,,1.1,fire,ice,"['Flash Fire', 'Drought', 'Snow Cloak', 'Snow Warning']",73,67,75,109,81,100,5120,24.6,0
Jigglypuff,1,0.5,5.5,normal,fairy,"['Cute Charm', 'Competitive', 'Friend Guard']",115,45,20,20,45,25,2560,24.6,0
Wigglytuff,1,1.0,12.0,normal,fairy,"['Cute Charm', 'Competitive', 'Frisk']",140,70,45,45,85,50,2560,24.6,0
Zubat,1,0.8,7.5,poison,flying,"['Inner Focus', 'Infiltrator']",40,45,35,55,30,40,3840,50.0,0
Golbat,1,1.6,55.0,poison,flying,"['Inner Focus', 'Infiltrator']",75,80,70,90,65,75,3840,50.0,0
Oddish,1,0.5,5.4,grass,poison,"['Chlorophyll', 'Run Away']",45,50,55,30,75,65,5120,50.0,0
Gloom,1,0.8,8.6,grass,poison,"['Chlorophyll', 'Stench']",60,65,70,40,85,75,5120,50.0,0
Vileplume,1,1.2,18.6,grass,poison,"['Chlorophyll', 'Effect Spore']",75,80,85,50,110,90,5120,50.0,0
Paras,1,0.3,5.4,bug,grass,"['Effect Spore', 'Dry Skin', 'Damp']",35,70,55,25,45,55,5120,50.0,0
Parasect,1,1.0,29.5,bug,grass,"['Effect Spore', 'Dry Skin', 'Damp']",60,95,80,30,60,80,5120,50.0,0
Venonat,1,1.0,30.0,bug,poison,"['Compoundeyes', 'Tinted Lens', 'Run Away']",60,55,50,45,40,55,5120,50.0,0
Venomoth,1,1.5,12.5,bug,poison,"['Shield Dust', 'Tinted Lens', 'Wonder Skin ']",70,65,60,90,90,75,5120,50.0,0
Diglett,1,,0.2,ground,ground,"['Sand Veil', 'Arena Trap', 'Sand Force', 'Sand Veil', 'Tangling Hair', 'Sand Force']",10,55,30,90,35,45,5120,50.0,0
Dugtrio,1,,0.7,ground,ground,"['Sand Veil', 'Arena Trap', 'Sand Force', 'Sand Veil', 'Tangling Hair', 'Sand Force']",35,100,60,110,50,70,5120,50.0,0
Meowth,1,,0.4,normal,dark,"['Pickup', 'Technician', 'Unnerve', 'Pickup', 'Technician', 'Rattled']",40,35,35,90,50,40,5120,50.0,0
Persian,1,,1.0,normal,dark,"['Limber', 'Technician', 'Unnerve', 'Fur Coat', 'Technician', 'Rattled']",65,60,60,115,75,65,5120,50.0,0
Psyduck,1,0.8,19.6,water,-1,"['Damp', 'Cloud Nine', 'Swift Swim']",50,52,48,55,65,50,5120,50.0,0
Golduck,1,1.7,76.6,water,-1,"['Damp', 'Cloud Nine', 'Swift Swim']",80,82,78,85,95,80,5120,50.0,0
Mankey,1,0.5,28.0,fighting,-1,"['Vital Spirit', 'Anger Point', 'Defiant']",40,80,35,70,35,45,5120,50.0,0
Primeape,1,1.0,32.0,fighting,-1,"['Vital Spirit', 'Anger Point', 'Defiant']",65,105,60,95,60,70,5120,50.0,0
Growlithe,1,0.7,19.0,fire,-1,"['Intimidate', 'Flash Fire', 'Justified']",55,70,45,60,70,50,5120,75.4,0
Arcanine,1,1.9,155.0,fire,-1,"['Intimidate', 'Flash Fire', 'Justified']",90,110,80,95,100,80,5120,75.4,0
Poliwag,1,0.6,12.4,water,-1,"['Water Absorb', 'Damp', 'Swift Swim']",40,50,40,90,40,40,5120,50.0,0
Poliwhirl,1,1.0,20.0,water,-1,"['Water Absorb', 'Damp', 'Swift Swim']",65,65,65,90,50,50,5120,50.0,0
Poliwrath,1,1.3,54.0,water,fighting,"['Water Absorb', 'Damp', 'Swift Swim']",90,95,95,70,70,90,5120,50.0,0
Abra,1,0.9,19.5,psychic,-1,"['Synchronize', 'Inner Focus', 'Magic Guard']",25,20,15,90,105,55,5120,75.4,0
Kadabra,1,1.3,56.5,psychic,-1,"['Synchronize', 'Inner Focus', 'Magic Guard']",40,35,30,105,120,70,5120,75.4,0
Alakazam,1,1.5,48.0,psychic,-1,"['Synchronize', 'Inner Focus', 'Magic Guard']",55,50,65,150,175,105,5120,75.4,0
Machop,1,0.8,19.5,fighting,-1,"['Guts', 'No Guard', 'Steadfast']",70,80,50,35,35,35,5120,75.4,0
Machoke,1,1.5,70.5,fighting,-1,"['Guts', 'No Guard', 'Steadfast']",80,100,70,45,50,60,5120,75.4,0
Machamp,1,1.6,130.0,fighting,-1,"['Guts', 'No Guard', 'Steadfast']",90,130,80,55,65,85,5120,75.4,0
Bellsprout,1,0.7,4.0,grass,poison,"['Chlorophyll', 'Gluttony']",50,75,35,40,70,30,5120,50.0,0
Weepinbell,1,1.0,6.4,grass,poison,"['Chlorophyll', 'Gluttony']",65,90,50,55,85,45,5120,50.0,0
Victreebel,1,1.7,15.5,grass,poison,"['Chlorophyll', 'Gluttony']",80,105,65,70,100,70,5120,50.0,0
Tentacool,1,0.9,45.5,water,poison,"['Clear Body', 'Liquid Ooze', 'Rain Dish']",40,40,35,70,50,100,5120,50.0,0
Tentacruel,1,1.6,55.0,water,poison,"['Clear Body', 'Liquid Ooze', 'Rain Dish']",80,70,65,100,80,120,5120,50.0,0
Geodude,1,,0.4,rock,ground,"['Rock Head', 'Sturdy', 'Sand Veil', 'Magnet Pull', 'Sturdy', 'Galvanize']",40,80,100,20,30,30,3840,50.0,0
Graveler,1,,1.0,rock,ground,"['Rock Head', 'Sturdy', 'Sand Veil', 'Magnet Pull', 'Sturdy', 'Galvanize']",55,95,115,35,45,45,3840,50.0,0
Golem,1,,1.4,rock,ground,"['Rock Head', 'Sturdy', 'Sand Veil', 'Magnet Pull', 'Sturdy', 'Galvanize']",80,120,130,45,55,65,3840,50.0,0
Ponyta,1,1.0,30.0,fire,-1,"['Run Away', 'Flash Fire', 'Flame Body']",50,85,55,90,65,65,5120,50.0,0
Rapidash,1,1.7,95.0,fire,-1,"['Run Away', 'Flash Fire', 'Flame Body']",65,100,70,105,80,80,5120,50.0,0
Slowpoke,1,1.2,36.0,water,psychic,"['Oblivious', 'Own Tempo', 'Regenerator']",90,65,65,15,40,40,5120,50.0,0
Slowbro,1,1.6,78.5,water,psychic,"['Oblivious', 'Own Tempo', 'Regenerator']",95,75,180,30,130,80,5120,50.0,0
Magnemite,1,0.3,6.0,electric,steel,"['Magnet Pull', 'Sturdy', 'Analytic']",25,35,70,45,95,55,5120,-1.0,0
Magneton,1,1.0,60.0,electric,steel,"['Magnet Pull', 'Sturdy', 'Analytic']",50,60,95,70,120,70,5120,-1.0,0
Farfetch'd,1,0.8,15.0,normal,flying,"['Keen Eye', 'Inner Focus', 'Defiant']",52,90,55,60,58,62,5120,50.0,0
Doduo,1,1.4,39.2,normal,flying,"['Run Away', 'Early Bird', 'Tangled Feet']",35,85,45,75,35,35,5120,50.0,0
Dodrio,1,1.8,85.2,normal,flying,"['Run Away', 'Early Bird', 'Tangled Feet']",60,110,70,110,60,60,5120,50.0,0
Seel,1,1.1,90.0,water,-1,"['Thick Fat', 'Hydration', 'Ice Body']",65,45,55,45,45,70,5120,50.0,0
Dewgong,1,1.7,120.0,water,ice,"['Thick Fat', 'Hydration', 'Ice Body']",90,70,80,70,70,95,5120,50.0,0
Grimer,1,,0.9,poison,poison,"['Stench', 'Sticky Hold', 'Poison Touch', 'Poison Touch', 'Gluttony', 'Power of Alchemy']",80,80,50,25,40,50,5120,50.0,0
Muk,1,,1.2,poison,poison,"['Stench', 'Sticky Hold', 'Poison Touch', 'Poison Touch', 'Gluttony', 'Power of Alchemy']",105,105,75,50,65,100,5120,50.0,0
Shellder,1,0.3,4.0,water,-1,"['Shell Armor', 'Skill Link', 'Overcoat']",30,65,100,40,45,25,5120,50.0,0
Cloyster,1,1.5,132.5,water,ice,"['Shell Armor', 'Skill Link', 'Overcoat']",50,95,180,70,85,45,5120,50.0,0
Gastly,1,1.3,0.1,ghost,poison,['Levitate'],30,35,30,80,100,35,5120,50.0,0
Haunter,1,1.6,0.1,ghost,poison,['Levitate'],45,50,45,95,115,55,5120,50.0,0
Gengar,1,1.5,40.5,ghost,poison,['Cursed Body'],60,65,80,130,170,95,5120,50.0,0
Onix,1,8.8,210.0,rock,ground,"['Rock Head', 'Sturdy', 'Weak Armor']",35,45,160,70,30,45,6400,50.0,0
Drowzee,1,1.0,32.4,psychic,-1,"['Insomnia', 'Forewarn', 'Inner Focus']",60,48,45,42,43,90,5120,50.0,0
Hypno,1,1.6,75.6,psychic,-1,"['Insomnia', 'Forewarn', 'Inner Focus']",85,73,70,67,73,115,5120,50.0,0
Krabby,1,0.4,6.5,water,-1,"['Hyper Cutter', 'Shell Armor', 'Sheer Force']",30,105,90,50,25,25,5120,50.0,0
Kingler,1,1.3,60.0,water,-1,"['Hyper Cutter', 'Shell Armor', 'Sheer Force']",55,130,115,75,50,50,5120,50.0,0
Voltorb,1,0.5,10.4,electric,-1,"['Soundproof', 'Static', 'Aftermath']",40,30,50,100,55,55,5120,-1.0,0
Electrode,1,1.2,66.6,electric,-1,"['Soundproof', 'Static', 'Aftermath']",60,50,70,150,80,80,5120,-1.0,0
Exeggcute,1,0.4,2.5,grass,psychic,"['Chlorophyll', 'Harvest']",60,40,80,40,60,45,5120,50.0,0
Exeggutor,1,,2.0,grass,psychic,"['Chlorophyll', 'Harvest', 'Frisk', 'Harvest']",95,105,85,45,125,75,5120,50.0,0
Cubone,1,0.4,6.5,ground,-1,"['Rock Head', 'Lightningrod', 'Battle Armor']",50,50,95,35,40,50,5120,50.0,0
Marowak,1,,1.0,ground,fire,"['Rock Head', 'Lightningrod', 'Battle Armor', 'Cursed Body', 'Lightningrod', 'Rock Head']",60,80,110,45,50,80,5120,50.0,0
Hitmonlee,1,1.5,49.8,fighting,-1,"['Limber', 'Reckless', 'Unburden']",50,120,53,87,35,110,6400,100.0,0
Hitmonchan,1,1.4,50.2,fighting,-1,"['Keen Eye', 'Iron Fist', 'Inner Focus']",50,105,79,76,35,110,6400,100.0,0
Lickitung,1,1.2,65.5,normal,-1,"['Own Tempo', 'Oblivious', 'Cloud Nine']",90,55,75,30,60,75,5120,50.0,0
Koffing,1,0.6,1.0,poison,-1,['Levitate'],40,65,95,35,60,45,5120,50.0,0
Weezing,1,1.2,9.5,poison,-1,['Levitate'],65,90,120,60,85,70,5120,50.0,0
Rhyhorn,1,1.0,115.0,ground,rock,"['Lightningrod', 'Rock Head', 'Reckless']",80,85,95,25,30,30,5120,50.0,0
Rhydon,1,1.9,120.0,ground,rock,"['Lightningrod', 'Rock Head', 'Reckless']",105,130,120,40,45,45,5120,50.0,0
Chansey,1,1.1,34.6,normal,-1,"['Natural Cure', 'Serene Grace', 'Healer']",250,5,5,50,35,105,10240,0.0,0
Tangela,1,1.0,35.0,grass,-1,"['Chlorophyll', 'Leaf Guard', 'Regenerator']",65,55,115,60,100,40,5120,50.0,0
Kangaskhan,1,2.2,80.0,normal,-1,"['Early Bird', 'Scrappy', 'Inner Focus']",105,125,100,100,60,100,5120,0.0,0
Horsea,1,0.4,8.0,water,-1,"['Swift Swim', 'Sniper', 'Damp']",30,40,70,60,70,25,5120,50.0,0
Seadra,1,1.2,25.0,water,-1,"['Poison Point', 'Sniper', 'Damp']",55,65,95,85,95,45,5120,50.0,0
Goldeen,1,0.6,15.0,water,-1,"['Swift Swim', 'Water Veil', 'Lightningrod']",45,67,60,63,35,50,5120,50.0,0
Seaking,1,1.3,39.0,water,-1,"['Swift Swim', 'Water Veil', 'Lightningrod']",80,92,65,68,65,80,5120,50.0,0
Staryu,1,0.8,34.5,water,-1,"['Illuminate', 'Natural Cure', 'Analytic']",30,45,55,85,70,55,5120,-1.0,0
Starmie,1,1.1,80.0,water,psychic,"['Illuminate', 'Natural Cure', 'Analytic']",60,75,85,115,100,85,5120,-1.0,0
Mr. Mime,1,1.3,54.5,psychic,fairy,"['Soundproof', 'Filter', 'Technician']",40,45,65,90,100,120,6400,50.0,0
Scyther,1,1.5,56.0,bug,flying,"['Swarm', 'Technician', 'Steadfast']",70,110,80,105,55,80,6400,50.0,0
Jynx,1,1.4,40.6,ice,psychic,"['Oblivious', 'Forewarn', 'Dry Skin']",65,50,35,95,115,95,6400,0.0,0
Electabuzz,1,1.1,30.0,electric,-1,"['Static', 'Vital Spirit']",65,83,57,105,95,85,6400,75.4,0
Magmar,1,1.3,44.5,fire,-1,"['Flame Body', 'Vital Spirit']",65,95,57,93,100,85,6400,75.4,0
Pinsir,1,1.5,55.0,bug,-1,"['Hyper Cutter', 'Mold Breaker', 'Moxie']",65,155,120,105,65,90,6400,50.0,0
Tauros,1,1.4,88.4,normal,-1,"['Intimidate', 'Anger Point', 'Sheer Force']",75,100,95,110,40,70,5120,100.0,0
Magikarp,1,0.9,10.0,water,-1,"['Swift Swim', 'Rattled']",20,10,55,80,15,20,1280,50.0,0
Gyarados,1,6.5,235.0,water,flying,"['Intimidate', 'Moxie']",95,155,109,81,70,130,1280,50.0,0
Lapras,1,2.5,220.0,water,ice,"['Water Absorb', 'Shell Armor', 'Hydration']",130,85,80,60,85,95,10240,50.0,0
Ditto,1,0.3,4.0,normal,-1,"['Limber', 'Imposter']",48,48,48,48,48,48,5120,-1.0,0
Eevee,1,0.3,6.5,normal,-1,"['Run Away', 'Adaptability', 'Anticipation']",55,55,50,55,45,65,8960,88.1,0
Vaporeon,1,1.0,29.0,water,-1,"['Water Absorb', 'Hydration']",130,65,60,65,110,95,8960,88.1,0
Jolteon,1,0.8,24.5,electric,-1,"['Volt Absorb', 'Quick Feet']",65,65,60,130,110,95,8960,88.1,0
Flareon,1,0.9,25.0,fire,-1,"['Flash Fire', 'Guts']",65,130,60,65,95,110,8960,88.1,0
Porygon,1,0.8,36.5,normal,-1,"['Trace', 'Download', 'Analytic']",65,60,70,40,85,75,5120,-1.0,0
Omanyte,1,0.4,7.5,rock,water,"['Swift Swim', 'Shell Armor', 'Weak Armor']",35,40,100,35,90,55,7680,88.1,0
Omastar,1,1.0,35.0,rock,water,"['Swift Swim', 'Shell Armor', 'Weak Armor']",70,60,125,55,115,70,7680,88.1,0
Kabuto,1,0.5,11.5,rock,water,"['Swift Swim', 'Battle Armor', 'Weak Armor']",30,80,90,55,55,45,7680,88.1,0
Kabutops,1,1.3,40.5,rock,water,"['Swift Swim', 'Battle Armor', 'Weak Armor']",60,115,105,80,65,70,7680,88.1,0
Aerodactyl,1,1.8,59.0,rock,flying,"['Rock Head', 'Pressure', 'Unnerve']",80,135,85,150,70,95,8960,88.1,0
Snorlax,1,2.1,460.0,normal,-1,"['Immunity', 'Thick Fat', 'Gluttony']",160,110,65,30,65,110,10240,88.1,0
Articuno,1,1.7,55.4,ice,flying,"['Pressure', 'Snow Cloak']",90,85,100,85,95,125,20480,-1.0,1
Zapdos,1,1.6,52.6,electric,flying,"['Pressure', 'Static']",90,90,85,100,125,90,20480,-1.0,1
Moltres,1,2.0,60.0,fire,flying,"['Pressure', 'Flame Body']",90,100,90,90,125,85,20480,-1.0,1
Dratini,1,1.8,3.3,dragon,-1,"['Shed Skin', 'Marvel Scale']",41,64,45,50,50,50,10240,50.0,0
Dragonair,1,4.0,16.5,dragon,-1,"['Shed Skin', 'Marvel Scale']",61,84,65,70,70,70,10240,50.0,0
Dragonite,1,2.2,210.0,dragon,flying,"['Inner Focus', 'Multiscale']",91,134,95,80,100,100,10240,50.0,0
Mewtwo,1,2.0,122.0,psychic,-1,"['Pressure', 'Unnerve']",106,150,70,140,194,120,30720,-1.0,1
Mew,1,0.4,4.0,psychic,-1,['Synchronize'],100,100,100,100,100,100,30720,-1.0,1
Chikorita,2,0.9,6.4,grass,-1,"['Overgrow', 'Leaf Guard']",45,49,65,45,49,65,5120,88.1,0
Bayleef,2,1.2,15.8,grass,-1,"['Overgrow', 'Leaf Guard']",60,62,80,60,63,80,5120,88.1,0
Meganium,2,1.8,100.5,grass,-1,"['Overgrow', 'Leaf Guard']",80,82,100,80,83,100,5120,88.1,0
Cyndaquil,2,0.5,7.9,fire,-1,"['Blaze', 'Flash Fire']",39,52,43,65,60,50,5120,88.1,0
Quilava,2,0.9,19.0,fire,-1,"['Blaze', 'Flash Fire']",58,64,58,80,80,65,5120,88.1,0
Typhlosion,2,1.7,79.5,fire,-1,"['Blaze', 'Flash Fire']",78,84,78,100,109,85,5120,88.1,0
Totodile,2,0.6,9.5,water,-1,"['Torrent', 'Sheer Force']",50,65,64,43,44,48,5120,88.1,0
Croconaw,2,1.1,25.0,water,-1,"['Torrent', 'Sheer Force']",65,80,80,58,59,63,5120,88.1,0
Feraligatr,2,2.3,88.8,water,-1,"['Torrent', 'Sheer Force']",85,105,100,78,79,83,5120,88.1,0
Sentret,2,0.8,6.0,normal,-1,"['Run Away', 'Keen Eye', 'Frisk']",35,46,34,20,35,45,3840,50.0,0
Furret,2,1.8,32.5,normal,-1,"['Run Away', 'Keen Eye', 'Frisk']",85,76,64,90,45,55,3840,50.0,0
Hoothoot,2,0.7,21.2,normal,flying,"['Insomnia', 'Keen Eye', 'Tinted Lens']",60,30,30,50,36,56,3840,50.0,0
Noctowl,2,1.6,40.8,normal,flying,"['Insomnia', 'Keen Eye', 'Tinted Lens']",100,50,50,70,86,96,3840,50.0,0
Ledyba,2,1.0,10.8,bug,flying,"['Swarm', 'Early Bird', 'Rattled']",40,20,30,55,40,80,3840,50.0,0
Ledian,2,1.4,35.6,bug,flying,"['Swarm', 'Early Bird', 'Iron Fist']",55,35,50,85,55,110,3840,50.0,0
Spinarak,2,0.5,8.5,bug,poison,"['Swarm', 'Insomnia', 'Sniper']",40,60,40,30,40,40,3840,50.0,0
Ariados,2,1.1,33.5,bug,poison,"['Swarm', 'Insomnia', 'Sniper']",70,90,70,40,60,70,3840,50.0,0
Crobat,2,1.8,75.0,poison,flying,"['Inner Focus', 'Infiltrator']",85,90,80,130,70,80,3840,50.0,0
Chinchou,2,0.5,12.0,water,electric,"['Volt Absorb', 'Illuminate', 'Water Absorb']",75,38,38,67,56,56,5120,50.0,0
Lanturn,2,1.2,22.5,water,electric,"['Volt Absorb', 'Illuminate', 'Water Absorb']",125,58,58,67,76,76,5120,50.0,0
Pichu,2,0.3,2.0,electric,-1,"['Static', 'Lightningrod']",20,40,15,60,35,35,2560,50.0,0
Cleffa,2,0.3,3.0,fairy,-1,"['Cute Charm', 'Magic Guard', 'Friend Guard']",50,25,28,15,45,55,2560,24.6,0
Igglybuff,2,0.3,1.0,normal,fairy,"['Cute Charm', 'Competitive', 'Friend Guard']",90,30,15,15,40,20,2560,24.6,0
Togepi,2,0.3,1.5,fairy,-1,"['Hustle', 'Serene Grace', 'Super Luck']",35,20,65,20,40,65,2560,88.1,0
Togetic,2,0.6,3.2,fairy,flying,"['Hustle', 'Serene Grace', 'Super Luck']",55,40,85,40,80,105,2560,88.1,0
Natu,2,0.2,2.0,psychic,flying,"['Synchronize', 'Early Bird', 'Magic Bounce']",40,50,45,70,70,45,5120,50.0,0
Xatu,2,1.5,15.0,psychic,flying,"['Synchronize', 'Early Bird', 'Magic Bounce']",65,75,70,95,95,70,5120,50.0,0
Mareep,2,0.6,7.8,electric,-1,"['Static', 'Plus']",55,40,40,35,65,45,5120,50.0,0
Flaaffy,2,0.8,13.3,electric,-1,"['Static', 'Plus']",70,55,55,45,80,60,5120,50.0,0
Ampharos,2,1.4,61.5,electric,-1,"['Static', 'Plus']",90,95,105,45,165,110,5120,50.0,0
Bellossom,2,0.4,5.8,grass,-1,"['Chlorophyll', 'Healer']",75,80,95,50,90,100,5120,50.0,0
Marill,2,0.4,8.5,water,fairy,"['Thick Fat', 'Huge Power', 'Sap Sipper']",70,20,50,40,20,50,2560,50.0,0
Azumarill,2,0.8,28.5,water,fairy,"['Thick Fat', 'Huge Power', 'Sap Sipper']",100,50,80,50,60,80,2560,50.0,0
Sudowoodo,2,1.2,38.0,rock,-1,"['Sturdy', 'Rock Head', 'Rattled']",70,100,115,30,30,65,5120,50.0,0
Politoed,2,1.1,33.9,water,-1,"['Water Absorb', 'Damp', 'Drizzle']",90,75,75,70,90,100,5120,50.0,0
Hoppip,2,0.4,0.5,grass,flying,"['Chlorophyll', 'Leaf Guard', 'Infiltrator']",35,35,40,50,35,55,5120,50.0,0
Skiploom,2,0.6,1.0,grass,flying,"['Chlorophyll', 'Leaf Guard', 'Infiltrator']",55,45,50,80,45,65,5120,50.0,0
Jumpluff,2,0.8,3.0,grass,flying,"['Chlorophyll', 'Leaf Guard', 'Infiltrator']",75,55,70,110,55,95,5120,50.0,0
Aipom,2,0.8,11.5,normal,-1,"['Run Away', 'Pickup', 'Skill Link']",55,70,55,85,40,55,5120,50.0,0
Sunkern,2,0.3,1.8,grass,-1,"['Chlorophyll', 'Solar Power', 'Early Bird']",30,30,30,30,30,30,5120,50.0,0
Sunflora,2,0.8,8.5,grass,-1,"['Chlorophyll', 'Solar Power', 'Early Bird']",75,75,55,30,105,85,5120,50.0,0
Yanma,2,1.2,38.0,bug,flying,"['Speed Boost', 'Compoundeyes', 'Frisk']",65,65,45,95,75,45,5120,50.0,0
Wooper,2,0.4,8.5,water,ground,"['Damp', 'Water Absorb', 'Unaware']",55,45,45,15,25,25,5120,50.0,0
Quagsire,2,1.4,75.0,water,ground,"['Damp', 'Water Absorb', 'Unaware']",95,85,85,35,65,65,5120,50.0,0
Espeon,2,0.9,26.5,psychic,-1,"['Synchronize', 'Magic Bounce']",65,65,60,110,130,95,8960,88.1,0
Umbreon,2,1.0,27.0,dark,-1,"['Synchronize', 'Inner Focus']",95,65,110,65,60,130,8960,88.1,0
Murkrow,2,0.5,2.1,dark,flying,"['Insomnia', 'Super Luck', 'Prankster']",60,85,42,91,85,42,5120,50.0,0
Slowking,2,2.0,79.5,water,psychic,"['Oblivious', 'Own Tempo', 'Regenerator']",95,75,80,30,100,110,5120,50.0,0
Misdreavus,2,0.7,1.0,ghost,-1,['Levitate'],60,60,60,85,85,85,6400,50.0,0
Unown,2,0.5,5.0,psychic,-1,['Levitate'],48,72,48,48,72,48,10240,-1.0,0
Wobbuffet,2,1.3,28.5,psychic,-1,"['Shadow Tag', 'Telepathy']",190,33,58,33,33,58,5120,50.0,0
Girafarig,2,1.5,41.5,normal,psychic,"['Inner Focus', 'Early Bird', 'Sap Sipper']",70,80,65,85,90,65,5120,50.0,0
Pineco,2,0.6,7.2,bug,-1,"['Sturdy', 'Overcoat']",50,65,90,15,35,35,5120,50.0,0
Forretress,2,1.2,125.8,bug,steel,"['Sturdy', 'Overcoat']",75,90,140,40,60,60,5120,50.0,0
Dunsparce,2,1.5,14.0,normal,-1,"['Serene Grace', 'Run Away', 'Rattled']",100,70,70,45,65,65,5120,50.0,0
Gligar,2,1.1,64.8,ground,flying,"['Hyper Cutter', 'Sand Veil', 'Immunity']",65,75,105,85,35,65,5120,50.0,0
Steelix,2,9.2,400.0,steel,ground,"['Rock Head', 'Sturdy', 'Sheer Force']",75,125,230,30,55,95,6400,50.0,0
Snubbull,2,0.6,7.8,fairy,-1,"['Intimidate', 'Run Away', 'Rattled']",60,80,50,30,40,40,5120,24.6,0
Granbull,2,1.4,48.7,fairy,-1,"['Intimidate', 'Quick Feet', 'Rattled']",90,120,75,45,60,60,5120,24.6,0
Qwilfish,2,0.5,3.9,water,poison,"['Poison Point', 'Swift Swim', 'Intimidate']",65,95,85,85,55,55,5120,50.0,0
Scizor,2,1.8,118.0,bug,steel,"['Swarm', 'Technician', 'Light Metal']",70,150,140,75,65,100,6400,50.0,0
Shuckle,2,0.6,20.5,bug,rock,"['Sturdy', 'Gluttony', 'Contrary']",20,10,230,5,10,230,5120,50.0,0
Heracross,2,1.5,54.0,bug,fighting,"['Swarm', 'Guts', 'Moxie']",80,185,115,75,40,105,6400,50.0,0
Sneasel,2,0.9,28.0,dark,ice,"['Inner Focus', 'Keen Eye', 'Pickpocket']",55,95,55,115,35,75,5120,50.0,0
Teddiursa,2,0.6,8.8,normal,-1,"['Pickup', 'Quick Feet', 'Honey Gather']",60,80,50,40,50,50,5120,50.0,0
Ursaring,2,1.8,125.8,normal,-1,"['Guts', 'Quick Feet', 'Unnerve']",90,130,75,55,75,75,5120,50.0,0
Slugma,2,0.7,35.0,fire,-1,"['Magma Armor', 'Flame Body', 'Weak Armor']",40,40,40,20,70,40,5120,50.0,0
Magcargo,2,0.8,55.0,fire,rock,"['Magma Armor', 'Flame Body', 'Weak Armor']",60,50,120,30,90,80,5120,50.0,0
Swinub,2,0.4,6.5,ice,ground,"['Oblivious', 'Snow Cloak', 'Thick Fat']",50,50,40,50,30,30,5120,50.0,0
Piloswine,2,1.1,55.8,ice,ground,"['Oblivious', 'Snow Cloak', 'Thick Fat']",100,100,80,50,60,60,5120,50.0,0
Corsola,2,0.6,5.0,water,rock,"['Hustle', 'Natural Cure', 'Regenerator']",65,55,95,35,65,95,5120,24.6,0
Remoraid,2,0.6,12.0,water,-1,"['Hustle', 'Sniper', 'Moody']",35,65,35,65,65,35,5120,50.0,0
Octillery,2,0.9,28.5,water,-1,"['Suction Cups', 'Sniper', 'Moody']",75,105,75,45,105,75,5120,50.0,0
Delibird,2,0.9,16.0,ice,flying,"['Vital Spirit', 'Hustle', 'Insomnia']",45,55,45,75,65,45,5120,50.0,0
Mantine,2,2.1,220.0,water,flying,"['Swift Swim', 'Water Absorb', 'Water Veil']",85,40,70,70,80,140,6400,50.0,0
Skarmory,2,1.7,50.5,steel,flying,"['Keen Eye', 'Sturdy', 'Weak Armor']",65,80,140,70,40,70,6400,50.0,0
Houndour,2,0.6,10.8,dark,fire,"['Early Bird', 'Flash Fire', 'Unnerve']",45,60,30,65,80,50,5120,50.0,0
Houndoom,2,1.4,35.0,dark,fire,"['Early Bird', 'Flash Fire', 'Unnerve']",75,90,90,115,140,90,5120,50.0,0
Kingdra,2,1.8,152.0,water,dragon,"['Swift Swim', 'Sniper', 'Damp']",75,95,95,85,95,95,5120,50.0,0
Phanpy,2,0.5,33.5,ground,-1,"['Pickup', 'Sand Veil']",90,60,60,40,40,40,5120,50.0,0
Donphan,2,1.1,120.0,ground,-1,"['Sturdy', 'Sand Veil']",90,120,120,50,60,60,5120,50.0,0
Porygon2,2,0.6,32.5,normal,-1,"['Trace', 'Download', 'Analytic']",85,80,90,60,105,95,5120,-1.0,0
Stantler,2,1.4,71.2,normal,-1,"['Intimidate', 'Frisk', 'Sap Sipper']",73,95,62,85,85,65,5120,50.0,0
Smeargle,2,1.2,58.0,normal,-1,"['Own Tempo', 'Technician', 'Moody']",55,20,35,75,20,45,5120,50.0,0
Tyrogue,2,0.7,21.0,fighting,-1,"['Guts', 'Steadfast', 'Vital Spirit']",35,35,35,35,35,35,6400,100.0,0
Hitmontop,2,1.4,48.0,fighting,-1,"['Intimidate', 'Technician', 'Steadfast']",50,95,95,70,35,110,6400,100.0,0
Smoochum,2,0.4,6.0,ice,psychic,"['Oblivious', 'Forewarn', 'Hydration']",45,30,15,65,85,65,6400,0.0,0
Elekid,2,0.6,23.5,electric,-1,"['Static', 'Vital Spirit']",45,63,37,95,65,55,6400,75.4,0
Magby,2,0.7,21.4,fire,-1,"['Flame Body', 'Vital Spirit']",45,75,37,83,70,55,6400,75.4,0
Miltank,2,1.2,75.5,normal,-1,"['Thick Fat', 'Scrappy', 'Sap Sipper']",95,80,105,100,40,70,5120,0.0,0
Blissey,2,1.5,46.8,normal,-1,"['Natural Cure', 'Serene Grace', 'Healer']",255,10,10,55,75,135,10240,0.0,0
Raikou,2,1.9,178.0,electric,-1,"['Pressure', 'Inner Focus']",90,85,75,115,115,100,20480,-1.0,1
Entei,2,2.1,198.0,fire,-1,"['Pressure', 'Inner Focus']",115,115,85,100,90,75,20480,-1.0,1
Suicune,2,2.0,187.0,water,-1,"['Pressure', 'Inner Focus']",100,75,115,85,90,115,20480,-1.0,1
Larvitar,2,0.6,72.0,rock,ground,"['Guts', 'Sand Veil']",50,64,50,41,45,50,10240,50.0,0
Pupitar,2,1.2,152.0,rock,ground,['Shed Skin'],70,84,70,51,65,70,10240,50.0,0
Tyranitar,2,2.0,202.0,rock,dark,"['Sand Stream', 'Unnerve']",100,164,150,71,95,120,10240,50.0,0
Lugia,2,5.2,216.0,psychic,flying,"['Pressure', 'Multiscale']",106,90,130,110,90,154,30720,-1.0,1
Ho-Oh,2,3.8,199.0,fire,flying,"['Pressure', 'Regenerator']",106,130,90,90,110,154,30720,-1.0,1
Celebi,2,0.6,5.0,psychic,grass,['Natural Cure'],100,100,100,100,100,100,30720,-1.0,1
Treecko,3,0.5,5.0,grass,-1,"['Overgrow', 'Unburden']",40,45,35,70,65,55,5120,88.1,0
Grovyle,3,0.9,21.6,grass,-1,"['Overgrow', 'Unburden']",50,65,45,95,85,65,5120,88.1,0
Sceptile,3,1.7,52.2,grass,-1,"['Overgrow', 'Unburden']",70,110,75,145,145,85,5120,88.1,0
Torchic,3,0.4,2.5,fire,-1,"['Blaze', 'Speed Boost']",45,60,40,45,70,50,5120,88.1,0
Combusken,3,0.9,19.5,fire,fighting,"['Blaze', 'Speed Boost']",60,85,60,55,85,60,5120,88.1,0
Blaziken,3,1.9,52.0,fire,fighting,"['Blaze', 'Speed Boost']",80,160,80,100,130,80,5120,88.1,0
Mudkip,3,0.4,7.6,water,-1,"['Torrent', 'Damp']",50,70,50,40,50,50,5120,88.1,0
Marshtomp,3,0.7,28.0,water,ground,"['Torrent', 'Damp']",70,85,70,50,60,70,5120,88.1,0
Swampert,3,1.5,81.9,water,ground,"['Torrent', 'Damp']",100,150,110,70,95,110,5120,88.1,0
Poochyena,3,0.5,13.6,dark,-1,"['Run Away', 'Quick Feet', 'Rattled']",35,55,35,35,30,30,3840,50.0,0
Mightyena,3,1.0,37.0,dark,-1,"['Intimidate', 'Quick Feet', 'Moxie']",70,90,70,70,60,60,3840,50.0,0
Zigzagoon,3,0.4,17.5,normal,-1,"['Pickup', 'Gluttony', 'Quick Feet']",38,30,41,60,30,41,3840,50.0,0
Linoone,3,0.5,32.5,normal,-1,"['Pickup', 'Gluttony', 'Quick Feet']",78,70,61,100,50,61,3840,50.0,0
Wurmple,3,0.3,3.6,bug,-1,"['Shield Dust', 'Run Away']",45,45,35,20,20,30,3840,50.0,0
Silcoon,3,0.6,10.0,bug,-1,['Shed Skin'],50,35,55,15,25,25,3840,50.0,0
Beautifly,3,1.0,28.4,bug,flying,"['Swarm', 'Rivalry']",60,70,50,65,100,50,3840,50.0,0
Cascoon,3,0.7,11.5,bug,-1,['Shed Skin'],50,35,55,15,25,25,3840,50.0,0
Dustox,3,1.2,31.6,bug,poison,"['Shield Dust', 'Compoundeyes']",60,50,70,65,50,90,3840,50.0,0
Lotad,3,0.5,2.6,water,grass,"['Swift Swim', 'Rain Dish', 'Own Tempo']",40,30,30,30,40,50,3840,50.0,0
Lombre,3,1.2,32.5,water,grass,"['Swift Swim', 'Rain Dish', 'Own Tempo']",60,50,50,50,60,70,3840,50.0,0
Ludicolo,3,1.5,55.0,water,grass,"['Swift Swim', 'Rain Dish', 'Own Tempo']",80,70,70,70,90,100,3840,50.0,0
Seedot,3,0.5,4.0,grass,-1,"['Chlorophyll', 'Early Bird', 'Pickpocket']",40,40,50,30,30,30,3840,50.0,0
Nuzleaf,3,1.0,28.0,grass,dark,"['Chlorophyll', 'Early Bird', 'Pickpocket']",70,70,40,60,60,40,3840,50.0,0
Shiftry,3,1.3,59.6,grass,dark,"['Chlorophyll', 'Early Bird', 'Pickpocket']",90,100,60,80,90,60,3840,50.0,0
Taillow,3,0.3,2.3,normal,flying,"['Guts', 'Scrappy']",40,55,30,85,30,30,3840,50.0,0
Swellow,3,0.7,19.8,normal,flying,"['Guts', 'Scrappy']",60,85,60,125,75,50,3840,50.0,0
Wingull,3,0.6,9.5,water,flying,"['Keen Eye', 'Hydration', 'Rain Dish']",40,30,30,85,55,30,5120,50.0,0
Pelipper,3,1.2,28.0,water,flying,"['Keen Eye', 'Drizzle', 'Rain Dish']",60,50,100,65,95,70,5120,50.0,0
Ralts,3,0.4,6.6,psychic,fairy,"['Synchronize', 'Trace', 'Telepathy']",28,25,25,40,45,35,5120,50.0,0
Kirlia,3,0.8,20.2,psychic,fairy,"['Synchronize', 'Trace', 'Telepathy']",38,35,35,50,65,55,5120,50.0,0
Gardevoir,3,1.6,48.4,psychic,fairy,"['Synchronize', 'Trace', 'Telepathy']",68,85,65,100,165,135,5120,50.0,0
Surskit,3,0.5,1.7,bug,water,"['Swift Swim', 'Rain Dish']",40,30,32,65,50,52,3840,50.0,0
Masquerain,3,0.8,3.6,bug,flying,"['Intimidate', 'Unnerve']",70,60,62,80,100,82,3840,50.0,0
Shroomish,3,0.4,4.5,grass,-1,"['Effect Spore', 'Poison Heal', 'Quick Feet']",60,40,60,35,40,60,3840,50.0,0
Breloom,3,1.2,39.2,grass,fighting,"['Effect Spore', 'Poison Heal', 'Technician']",60,130,80,70,60,60,3840,50.0,0
Slakoth,3,0.8,24.0,normal,-1,['Truant'],60,60,60,30,35,35,3840,50.0,0
Vigoroth,3,1.4,46.5,normal,-1,['Vital Spirit'],80,80,80,90,55,55,3840,50.0,0
Slaking,3,2.0,130.5,normal,-1,['Truant'],150,160,100,100,95,65,3840,50.0,0
Nincada,3,0.5,5.5,bug,ground,"['Compoundeyes', 'Run Away']",31,45,90,40,30,30,3840,50.0,0
Ninjask,3,0.8,12.0,bug,flying,"['Speed Boost', 'Infiltrator']",61,90,45,160,50,50,3840,50.0,0
Shedinja,3,0.8,1.2,bug,ghost,['Wonder Guard'],1,90,45,40,30,30,3840,-1.0,0
Whismur,3,0.6,16.3,normal,-1,"['Soundproof', 'Rattled']",64,51,23,28,51,23,5120,50.0,0
Loudred,3,1.0,40.5,normal,-1,"['Soundproof', 'Scrappy']",84,71,43,48,71,43,5120,50.0,0
Exploud,3,1.5,84.0,normal,-1,"['Soundproof', 'Scrappy']",104,91,63,68,91,73,5120,50.0,0
Makuhita,3,1.0,86.4,fighting,-1,"['Thick Fat', 'Guts', 'Sheer Force']",72,60,30,25,20,30,5120,75.4,0
Hariyama,3,2.3,253.8,fighting,-1,"['Thick Fat', 'Guts', 'Sheer Force']",144,120,60,50,40,60,5120,75.4,0
Azurill,3,0.2,2.0,normal,fairy,"['Thick Fat', 'Huge Power', 'Sap Sipper']",50,20,40,20,20,40,2560,24.6,0
Nosepass,3,1.0,97.0,rock,-1,"['Sturdy', 'Magnet Pull', 'Sand Force']",30,45,135,30,45,90,5120,50.0,0
Skitty,3,0.6,11.0,normal,-1,"['Cute Charm', 'Normalize', 'Wonder Skin ']",50,45,45,50,35,35,3840,24.6,0
Delcatty,3,1.1,32.6,normal,-1,"['Cute Charm', 'Normalize', 'Wonder Skin ']",70,65,65,90,55,55,3840,24.6,0
Sableye,3,0.5,11.0,dark,ghost,"['Keen Eye', 'Stall', 'Prankster']",50,85,125,20,85,115,6400,50.0,0
Mawile,3,0.6,11.5,steel,fairy,"['Hyper Cutter', 'Intimidate', 'Sheer Force']",50,105,125,50,55,95,5120,50.0,0
Aron,3,0.4,60.0,steel,rock,"['Sturdy', 'Rock Head', 'Heavy Metal']",50,70,100,30,40,40,8960,50.0,0
Lairon,3,0.9,120.0,steel,rock,"['Sturdy', 'Rock Head', 'Heavy Metal']",60,90,140,40,50,50,8960,50.0,0
Aggron,3,2.1,360.0,steel,rock,"['Sturdy', 'Rock Head', 'Heavy Metal']",70,140,230,50,60,80,8960,50.0,0
Meditite,3,0.6,11.2,fighting,psychic,"['Pure Power', 'Telepathy']",30,40,55,60,40,55,5120,50.0,0
Medicham,3,1.3,31.5,fighting,psychic,"['Pure Power', 'Telepathy']",60,100,85,100,80,85,5120,50.0,0
Electrike,3,0.6,15.2,electric,-1,"['Static', 'Lightningrod', 'Minus']",40,45,40,65,65,40,5120,50.0,0
Manectric,3,1.5,40.2,electric,-1,"['Static', 'Lightningrod', 'Minus']",70,75,80,135,135,80,5120,50.0,0
Plusle,3,0.4,4.2,electric,-1,"['Plus', 'Lightningrod']",60,50,40,95,85,75,5120,50.0,0
Minun,3,0.4,4.2,electric,-1,"['Minus', 'Volt Absorb']",60,40,50,95,75,85,5120,50.0,0
Volbeat,3,0.7,17.7,bug,-1,"['Illuminate', 'Swarm', 'Prankster']",65,73,75,85,47,85,3840,100.0,0
Illumise,3,0.6,17.7,bug,-1,"['Oblivious', 'Tinted Lens', 'Prankster']",65,47,75,85,73,85,3840,0.0,0
Roselia,3,0.3,2.0,grass,poison,"['Natural Cure', 'Poison Point', 'Leaf Guard']",50,60,45,65,100,80,5120,50.0,0
Gulpin,3,0.4,10.3,poison,-1,"['Liquid Ooze', 'Sticky Hold', 'Gluttony']",70,43,53,40,43,53,5120,50.0,0
Swalot,3,1.7,80.0,poison,-1,"['Liquid Ooze', 'Sticky Hold', 'Gluttony']",100,73,83,55,73,83,5120,50.0,0
Carvanha,3,0.8,20.8,water,dark,"['Rough Skin', 'Speed Boost']",45,90,20,65,65,20,5120,50.0,0
Sharpedo,3,1.8,88.8,water,dark,"['Rough Skin', 'Speed Boost']",70,140,70,105,110,65,5120,50.0,0
Wailmer,3,2.0,130.0,water,-1,"['Water Veil', 'Oblivious', 'Pressure']",130,70,35,60,70,35,10240,50.0,0
Wailord,3,14.5,398.0,water,-1,"['Water Veil', 'Oblivious', 'Pressure']",170,90,45,60,90,45,10240,50.0,0
Numel,3,0.7,24.0,fire,ground,"['Oblivious', 'Simple', 'Own Tempo']",60,60,40,35,65,45,5120,50.0,0
Camerupt,3,1.9,220.0,fire,ground,"['Magma Armor', 'Solid Rock', 'Anger Point']",70,120,100,20,145,105,5120,50.0,0
Torkoal,3,0.5,80.4,fire,-1,"['White Smoke', 'Drought', 'Shell Armor']",70,85,140,20,85,70,5120,50.0,0
Spoink,3,0.7,30.6,psychic,-1,"['Thick Fat', 'Own Tempo', 'Gluttony']",60,25,35,60,70,80,5120,50.0,0
Grumpig,3,0.9,71.5,psychic,-1,"['Thick Fat', 'Own Tempo', 'Gluttony']",80,45,65,80,90,110,5120,50.0,0
Spinda,3,1.1,5.0,normal,-1,"['Own Tempo', 'Tangled Feet', 'Contrary']",60,60,60,60,60,60,3840,50.0,0
Trapinch,3,0.7,15.0,ground,-1,"['Hyper Cutter', 'Arena Trap', 'Sheer Force']",45,100,45,10,45,45,5120,50.0,0
Vibrava,3,1.1,15.3,ground,dragon,['Levitate'],50,70,50,70,50,50,5120,50.0,0
Flygon,3,2.0,82.0,ground,dragon,['Levitate'],80,100,80,100,80,80,5120,50.0,0
Cacnea,3,0.4,51.3,grass,-1,"['Sand Veil', 'Water Absorb']",50,85,40,35,85,40,5120,50.0,0
Cacturne,3,1.3,77.4,grass,dark,"['Sand Veil', 'Water Absorb']",70,115,60,55,115,60,5120,50.0,0
Swablu,3,0.4,1.2,normal,flying,"['Natural Cure', 'Cloud Nine']",45,40,60,50,40,75,5120,50.0,0
Altaria,3,1.1,20.6,dragon,flying,"['Natural Cure', 'Cloud Nine']",75,110,110,80,110,105,5120,50.0,0
Zangoose,3,1.3,40.3,normal,-1,"['Immunity', 'Toxic Boost']",73,115,60,90,60,60,5120,50.0,0
Seviper,3,2.7,52.5,poison,-1,"['Shed Skin', 'Infiltrator']",73,100,60,65,100,60,5120,50.0,0
Lunatone,3,1.0,168.0,rock,psychic,['Levitate'],90,55,65,70,95,85,6400,-1.0,0
Solrock,3,1.2,154.0,rock,psychic,['Levitate'],90,95,85,70,55,65,6400,-1.0,0
Barboach,3,0.4,1.9,water,ground,"['Oblivious', 'Anticipation', 'Hydration']",50,48,43,60,46,41,5120,50.0,0
Whiscash,3,0.9,23.6,water,ground,"['Oblivious', 'Anticipation', 'Hydration']",110,78,73,60,76,71,5120,50.0,0
Corphish,3,0.6,11.5,water,-1,"['Hyper Cutter', 'Shell Armor', 'Adaptability']",43,80,65,35,50,35,3840,50.0,0
Crawdaunt,3,1.1,32.8,water,dark,"['Hyper Cutter', 'Shell Armor', 'Adaptability']",63,120,85,55,90,55,3840,50.0,0
Baltoy,3,0.5,21.5,ground,psychic,['Levitate'],40,40,55,55,40,70,5120,-1.0,0
Claydol,3,1.5,108.0,ground,psychic,['Levitate'],60,70,105,75,70,120,5120,-1.0,0
Lileep,3,1.0,23.8,rock,grass,"['Suction Cups', 'Storm Drain']",66,41,77,23,61,87,7680,88.1,0
Cradily,3,1.5,60.4,rock,grass,"['Suction Cups', 'Storm Drain']",86,81,97,43,81,107,7680,88.1,0
Anorith,3,0.7,12.5,rock,bug,"['Battle Armor', 'Swift Swim']",45,95,50,75,40,50,7680,88.1,0
Armaldo,3,1.5,68.2,rock,bug,"['Battle Armor', 'Swift Swim']",75,125,100,45,70,80,7680,88.1,0
Feebas,3,0.6,7.4,water,-1,"['Swift Swim', 'Oblivious', 'Adaptability']",20,15,20,80,10,55,5120,50.0,0
Milotic,3,6.2,162.0,water,-1,"['Marvel Scale', 'Competitive', 'Cute Charm']",95,60,79,81,100,125,5120,50.0,0
Castform,3,0.3,0.8,normal,-1,['Forecast'],70,70,70,70,70,70,6400,50.0,0
Kecleon,3,1.0,22.0,normal,-1,"['Color Change', 'Protean']",60,90,70,40,60,120,5120,50.0,0
Shuppet,3,0.6,2.3,ghost,-1,"['Insomnia', 'Frisk', 'Cursed Body']",44,75,35,45,63,33,6400,50.0,0
Banette,3,1.1,12.5,ghost,-1,"['Insomnia', 'Frisk', 'Cursed Body']",64,165,75,75,93,83,6400,50.0,0
Duskull,3,0.8,15.0,ghost,-1,"['Levitate', 'Frisk']",20,40,90,25,30,90,6400,50.0,0
Dusclops,3,1.6,30.6,ghost,-1,"['Pressure', 'Frisk']",40,70,130,25,60,130,6400,50.0,0
Tropius,3,2.0,100.0,grass,flying,"['Chlorophyll', 'Solar Power', 'Harvest']",99,68,83,51,72,87,6400,50.0,0
Chimecho,3,0.6,1.0,psychic,-1,['Levitate'],75,50,80,65,95,90,6400,50.0,0
Absol,3,1.2,47.0,dark,-1,"['Pressure', 'Super Luck', 'Justified']",65,150,60,115,115,60,6400,50.0,0
Wynaut,3,0.6,14.0,psychic,-1,"['Shadow Tag', 'Telepathy']",95,23,48,23,23,48,5120,50.0,0
Snorunt,3,0.7,16.8,ice,-1,"['Inner Focus', 'Ice Body', 'Moody']",50,50,50,50,50,50,5120,50.0,0
Glalie,3,1.5,256.5,ice,-1,"['Inner Focus', 'Ice Body', 'Moody']",80,120,80,100,120,80,5120,50.0,0
Spheal,3,0.8,39.5,ice,water,"['Thick Fat', 'Ice Body', 'Oblivious']",70,40,50,25,55,50,5120,50.0,0
Sealeo,3,1.1,87.6,ice,water,"['Thick Fat', 'Ice Body', 'Oblivious']",90,60,70,45,75,70,5120,50.0,0
Walrein,3,1.4,150.6,ice,water,"['Thick Fat', 'Ice Body', 'Oblivious']",110,80,90,65,95,90,5120,50.0,0
Clamperl,3,0.4,52.5,water,-1,"['Shell Armor', 'Rattled']",35,64,85,32,74,55,5120,50.0,0
Huntail,3,1.7,27.0,water,-1,"['Swift Swim', 'Water Veil']",55,104,105,52,94,75,5120,50.0,0
Gorebyss,3,1.8,22.6,water,-1,"['Swift Swim', 'Hydration']",55,84,105,52,114,75,5120,50.0,0
Relicanth,3,1.0,23.4,water,rock,"['Swift Swim', 'Rock Head', 'Sturdy']",100,90,130,55,45,65,10240,88.1,0
Luvdisc,3,0.6,8.7,water,-1,"['Swift Swim', 'Hydration']",43,30,55,97,40,65,5120,24.6,0
Bagon,3,0.6,42.1,dragon,-1,"['Rock Head', 'Sheer Force']",45,75,60,50,40,30,10240,50.0,0
Shelgon,3,1.1,110.5,dragon,-1,"['Rock Head', 'Overcoat']",65,95,100,50,60,50,10240,50.0,0
Salamence,3,1.5,102.6,dragon,flying,"['Intimidate', 'Moxie']",95,145,130,120,120,90,10240,50.0,0
Beldum,3,0.6,95.2,steel,psychic,"['Clear Body', 'Light Metal']",40,55,80,30,35,60,10240,-1.0,0
Metang,3,1.2,202.5,steel,psychic,"['Clear Body', 'Light Metal']",60,75,100,50,55,80,10240,-1.0,0
Metagross,3,1.6,550.0,steel,psychic,"['Clear Body', 'Light Metal']",80,145,150,110,105,110,10240,-1.0,0
Regirock,3,1.7,230.0,rock,-1,"['Clear Body', 'Sturdy']",80,100,200,50,50,100,20480,-1.0,1
Regice,3,1.8,175.0,ice,-1,"['Clear Body', 'Ice Body']",80,50,100,50,100,200,20480,-1.0,1
Registeel,3,1.9,205.0,steel,-1,"['Clear Body', 'Light Metal']",80,75,150,50,75,150,20480,-1.0,1
Latias,3,1.4,40.0,dragon,psychic,['Levitate'],80,100,120,110,140,150,30720,0.0,1
Latios,3,2.0,60.0,dragon,psychic,['Levitate'],80,130,100,110,160,120,30720,100.0,1
Kyogre,3,4.5,352.0,water,-1,['Drizzle'],100,150,90,90,180,160,30720,-1.0,1
Groudon,3,3.5,950.0,ground,-1,['Drought'],100,180,160,90,150,90,30720,-1.0,1
Rayquaza,3,7.0,206.5,dragon,flying,['Air Lock'],105,180,100,115,180,100,30720,-1.0,1
Jirachi,3,0.3,1.1,steel,psychic,['Serene Grace'],100,100,100,100,100,100,30720,-1.0,1
Deoxys,3,1.7,60.8,psychic,-1,['Pressure'],50,95,90,180,95,90,30720,-1.0,1
Turtwig,4,0.4,10.2,grass,-1,"['Overgrow', 'Shell Armor']",55,68,64,31,45,55,5120,88.1,0
Grotle,4,1.1,97.0,grass,-1,"['Overgrow', 'Shell Armor']",75,89,85,36,55,65,5120,88.1,0
Torterra,4,2.2,310.0,grass,ground,"['Overgrow', 'Shell Armor']",95,109,105,56,75,85,5120,88.1,0
Chimchar,4,0.5,6.2,fire,-1,"['Blaze', 'Iron Fist']",44,58,44,61,58,44,5120,88.1,0
Monferno,4,0.9,22.0,fire,fighting,"['Blaze', 'Iron Fist']",64,78,52,81,78,52,5120,88.1,0
Infernape,4,1.2,55.0,fire,fighting,"['Blaze', 'Iron Fist']",76,104,71,108,104,71,5120,88.1,0
Piplup,4,0.4,5.2,water,-1,"['Torrent', 'Defiant']",53,51,53,40,61,56,5120,88.1,0
Prinplup,4,0.8,23.0,water,-1,"['Torrent', 'Defiant']",64,66,68,50,81,76,5120,88.1,0
Empoleon,4,1.7,84.5,water,steel,"['Torrent', 'Defiant']",84,86,88,60,111,101,5120,88.1,0
Starly,4,0.3,2.0,normal,flying,"['Keen Eye', 'Reckless']",40,55,30,60,30,30,3840,50.0,0
Staravia,4,0.6,15.5,normal,flying,"['Intimidate', 'Reckless']",55,75,50,80,40,40,3840,50.0,0
Staraptor,4,1.2,24.9,normal,flying,"['Intimidate', 'Reckless']",85,120,70,100,50,60,3840,50.0,0
Bidoof,4,0.5,20.0,normal,-1,"['Simple', 'Unaware', 'Moody']",59,45,40,31,35,40,3840,50.0,0
Bibarel,4,1.0,31.5,normal,water,"['Simple', 'Unaware', 'Moody']",79,85,60,71,55,60,3840,50.0,0
Kricketot,4,0.3,2.2,bug,-1,"['Shed Skin', 'Run Away']",37,25,41,25,25,41,3840,50.0,0
Kricketune,4,1.0,25.5,bug,-1,"['Swarm', 'Technician']",77,85,51,65,55,51,3840,50.0,0
Shinx,4,0.5,9.5,electric,-1,"['Rivalry', 'Intimidate', 'Guts']",45,65,34,45,40,34,5120,50.0,0
Luxio,4,0.9,30.5,electric,-1,"['Rivalry', 'Intimidate', 'Guts']",60,85,49,60,60,49,5120,50.0,0
Luxray,4,1.4,42.0,electric,-1,"['Rivalry', 'Intimidate', 'Guts']",80,120,79,70,95,79,5120,50.0,0
Budew,4,0.2,1.2,grass,poison,"['Natural Cure', 'Poison Point', 'Leaf Guard']",40,30,35,55,50,70,5120,50.0,0
Roserade,4,0.9,14.5,grass,poison,"['Natural Cure', 'Poison Point', 'Technician']",60,70,65,90,125,105,5120,50.0,0
Cranidos,4,0.9,31.5,rock,-1,"['Mold Breaker', 'Sheer Force']",67,125,40,58,30,30,7680,88.1,0
Rampardos,4,1.6,102.5,rock,-1,"['Mold Breaker', 'Sheer Force']",97,165,60,58,65,50,7680,88.1,0
Shieldon,4,0.5,57.0,rock,steel,"['Sturdy', 'Soundproof']",30,42,118,30,42,88,7680,88.1,0
Bastiodon,4,1.3,149.5,rock,steel,"['Sturdy', 'Soundproof']",60,52,168,30,47,138,7680,88.1,0
Burmy,4,0.2,3.4,bug,-1,"['Shed Skin', 'Overcoat']",40,29,45,36,29,45,3840,50.0,0
Wormadam,4,0.5,6.5,bug,grass,"['Anticipation', 'Overcoat']",60,69,95,36,69,95,3840,0.0,0
Mothim,4,0.9,23.3,bug,flying,"['Swarm', 'Tinted Lens']",70,94,50,66,94,50,3840,100.0,0
Combee,4,0.3,5.5,bug,flying,"['Honey Gather', 'Hustle']",30,30,42,70,30,42,3840,88.1,0
Vespiquen,4,1.2,38.5,bug,flying,"['Pressure', 'Unnerve']",70,80,102,40,80,102,3840,0.0,0
Pachirisu,4,0.4,3.9,electric,-1,"['Run Away', 'Pickup', 'Volt Absorb']",60,45,70,95,45,90,2560,50.0,0
Buizel,4,0.7,29.5,water,-1,"['Swift Swim', 'Water Veil']",55,65,35,85,60,30,5120,50.0,0
Floatzel,4,1.1,33.5,water,-1,"['Swift Swim', 'Water Veil']",85,105,55,115,85,50,5120,50.0,0
Cherubi,4,0.4,3.3,grass,-1,['Chlorophyll'],45,35,45,35,62,53,5120,50.0,0
Cherrim,4,0.5,9.3,grass,-1,['Flower Gift'],70,60,70,85,87,78,5120,50.0,0
Shellos,4,0.3,6.3,water,-1,"['Sticky Hold', 'Storm Drain', 'Sand Force']",76,48,48,34,57,62,5120,50.0,0
Gastrodon,4,0.9,29.9,water,ground,"['Sticky Hold', 'Storm Drain', 'Sand Force']",111,83,68,39,92,82,5120,50.0,0
Ambipom,4,1.2,20.3,normal,-1,"['Technician', 'Pickup', 'Skill Link']",75,100,66,115,60,66,5120,50.0,0
Drifloon,4,0.4,1.2,ghost,flying,"['Aftermath', 'Unburden', 'Flare Boost']",90,50,34,70,60,44,7680,50.0,0
Drifblim,4,1.2,15.0,ghost,flying,"['Aftermath', 'Unburden', 'Flare Boost']",150,80,44,80,90,54,7680,50.0,0
Buneary,4,0.4,5.5,normal,-1,"['Run Away', 'Klutz', 'Limber']",55,66,44,85,44,56,5120,50.0,0
Lopunny,4,1.2,33.3,normal,-1,"['Cute Charm', 'Klutz', 'Limber']",65,136,94,135,54,96,5120,50.0,0
Mismagius,4,0.9,4.4,ghost,-1,['Levitate'],60,60,60,105,105,105,6400,50.0,0
Honchkrow,4,0.9,27.3,dark,flying,"['Insomnia', 'Super Luck', 'Moxie']",100,125,52,71,105,52,5120,50.0,0
Glameow,4,0.5,3.9,normal,-1,"['Limber', 'Own Tempo', 'Keen Eye']",49,55,42,85,42,37,5120,24.6,0
Purugly,4,1.0,43.8,normal,-1,"['Thick Fat', 'Own Tempo', 'Defiant']",71,82,64,112,64,59,5120,24.6,0
Chingling,4,0.2,0.6,psychic,-1,['Levitate'],45,30,50,45,65,50,6400,50.0,0
Stunky,4,0.4,19.2,poison,dark,"['Stench', 'Aftermath', 'Keen Eye']",63,63,47,74,41,41,5120,50.0,0
Skuntank,4,1.0,38.0,poison,dark,"['Stench', 'Aftermath', 'Keen Eye']",103,93,67,84,71,61,5120,50.0,0
Bronzor,4,0.5,60.5,steel,psychic,"['Levitate', 'Heatproof', 'Heavy Metal']",57,24,86,23,24,86,5120,-1.0,0
Bronzong,4,1.3,187.0,steel,psychic,"['Levitate', 'Heatproof', 'Heavy Metal']",67,89,116,33,79,116,5120,-1.0,0
Bonsly,4,0.5,15.0,rock,-1,"['Sturdy', 'Rock Head', 'Rattled']",50,80,95,10,10,45,5120,50.0,0
Mime Jr.,4,0.6,13.0,psychic,fairy,"['Soundproof', 'Filter', 'Technician']",20,25,45,60,70,90,6400,50.0,0
Happiny,4,0.6,24.4,normal,-1,"['Natural Cure', 'Serene Grace', 'Friend Guard']",100,5,5,30,15,65,10240,0.0,0
Chatot,4,0.5,1.9,normal,flying,"['Keen Eye', 'Tangled Feet', 'Big Pecks']",76,65,45,91,92,42,5120,50.0,0
Spiritomb,4,1.0,108.0,ghost,dark,"['Pressure', 'Infiltrator']",50,92,108,35,92,108,7680,50.0,0
Gible,4,0.7,20.5,dragon,ground,"['Sand Veil', 'Rough Skin']",58,70,45,42,40,45,10240,50.0,0
Gabite,4,1.4,56.0,dragon,ground,"['Sand Veil', 'Rough Skin']",68,90,65,82,50,55,10240,50.0,0
Garchomp,4,1.9,95.0,dragon,ground,"['Sand Veil', 'Rough Skin']",108,170,115,92,120,95,10240,50.0,0
Munchlax,4,0.6,105.0,normal,-1,"['Pickup', 'Thick Fat', 'Gluttony']",135,85,40,5,40,85,10240,88.1,0
Riolu,4,0.7,20.2,fighting,-1,"['Steadfast', 'Inner Focus', 'Prankster']",40,70,40,60,35,40,6400,88.1,0
Lucario,4,1.2,54.0,fighting,steel,"['Steadfast', 'Inner Focus', 'Justified']",70,145,88,112,140,70,6400,88.1,0
Hippopotas,4,0.8,49.5,ground,-1,"['Sand Stream', 'Sand Force']",68,72,78,32,38,42,7680,50.0,0
Hippowdon,4,2.0,300.0,ground,-1,"['Sand Stream', 'Sand Force']",108,112,118,47,68,72,7680,50.0,0
Skorupi,4,0.8,12.0,poison,bug,"['Battle Armor', 'Sniper', 'Keen Eye']",40,50,90,65,30,55,5120,50.0,0
Drapion,4,1.3,61.5,poison,dark,"['Battle Armor', 'Sniper', 'Keen Eye']",70,90,110,95,60,75,5120,50.0,0
Croagunk,4,0.7,23.0,poison,fighting,"['Anticipation', 'Dry Skin', 'Poison Touch']",48,61,40,50,61,40,2560,50.0,0
Toxicroak,4,1.3,44.4,poison,fighting,"['Anticipation', 'Dry Skin', 'Poison Touch']",83,106,65,85,86,65,5120,50.0,0
Carnivine,4,1.4,27.0,grass,-1,['Levitate'],74,100,72,46,90,72,6400,50.0,0
Finneon,4,0.4,7.0,water,-1,"['Swift Swim', 'Storm Drain', 'Water Veil']",49,49,56,66,49,61,5120,50.0,0
Lumineon,4,1.2,24.0,water,-1,"['Swift Swim', 'Storm Drain', 'Water Veil']",69,69,76,91,69,86,5120,50.0,0
Mantyke,4,1.0,65.0,water,flying,"['Swift Swim', 'Water Absorb', 'Water Veil']",45,20,50,50,60,120,6400,50.0,0
Snover,4,1.0,50.5,grass,ice,"['Snow Warning', 'Soundproof']",60,62,50,40,62,60,5120,50.0,0
Abomasnow,4,2.2,135.5,grass,ice,"['Snow Warning', 'Soundproof']",90,132,105,30,132,105,5120,50.0,0
Weavile,4,1.1,34.0,dark,ice,"['Pressure', 'Pickpocket']",70,120,65,125,45,85,5120,50.0,0
Magnezone,4,1.2,180.0,electric,steel,"['Magnet Pull', 'Sturdy', 'Analytic']",70,70,115,60,130,90,5120,-1.0,0
Lickilicky,4,1.7,140.0,normal,-1,"['Own Tempo', 'Oblivious', 'Cloud Nine']",110,85,95,50,80,95,5120,50.0,0
Rhyperior,4,2.4,282.8,ground,rock,"['Lightningrod', 'Solid Rock', 'Reckless']",115,140,130,40,55,55,5120,50.0,0
Tangrowth,4,2.0,128.6,grass,-1,"['Chlorophyll', 'Leaf Guard', 'Regenerator']",100,100,125,50,110,50,5120,50.0,0
Electivire,4,1.8,138.6,electric,-1,"['Motor Drive', 'Vital Spirit']",75,123,67,95,95,85,6400,75.4,0
Magmortar,4,1.6,68.0,fire,-1,"['Flame Body', 'Vital Spirit']",75,95,67,83,125,95,6400,75.4,0
Togekiss,4,1.5,38.0,fairy,flying,"['Hustle', 'Serene Grace', 'Super Luck']",85,50,95,80,120,115,2560,88.1,0
Yanmega,4,1.9,51.5,bug,flying,"['Speed Boost', 'Tinted Lens', 'Frisk']",86,76,86,95,116,56,5120,50.0,0
Leafeon,4,1.0,25.5,grass,-1,"['Leaf Guard', 'Chlorophyll']",65,110,130,95,60,65,8960,88.1,0
Glaceon,4,0.8,25.9,ice,-1,"['Snow Cloak', 'Ice Body']",65,60,110,65,130,95,8960,88.1,0
Gliscor,4,2.0,42.5,ground,flying,"['Hyper Cutter', 'Sand Veil', 'Poison Heal']",75,95,125,95,45,75,5120,50.0,0
Mamoswine,4,2.5,291.0,ice,ground,"['Oblivious', 'Snow Cloak', 'Thick Fat']",110,130,80,80,70,60,5120,50.0,0
Porygon-Z,4,0.9,34.0,normal,-1,"['Adaptability', 'Download', 'Analytic']",85,80,70,90,135,75,5120,-1.0,0
Gallade,4,1.6,52.0,psychic,fighting,"['Steadfast', 'Justified']",68,165,95,110,65,115,5120,100.0,0
Probopass,4,1.4,340.0,rock,steel,"['Sturdy', 'Magnet Pull', 'Sand Force']",60,55,145,40,75,150,5120,50.0,0
Dusknoir,4,2.2,106.6,ghost,-1,"['Pressure', 'Frisk']",45,100,135,45,65,135,6400,50.0,0
Froslass,4,1.3,26.6,ice,ghost,"['Snow Cloak', 'Cursed Body']",70,80,70,110,80,70,5120,0.0,0
Rotom,4,0.3,0.3,electric,ghost,['Levitate'],50,65,107,86,105,107,5120,-1.0,0
Uxie,4,0.3,0.3,psychic,-1,['Levitate'],75,75,130,95,75,130,20480,-1.0,1
Mesprit,4,0.3,0.3,psychic,-1,['Levitate'],80,105,105,80,105,105,20480,-1.0,1
Azelf,4,0.3,0.3,psychic,-1,['Levitate'],75,125,70,115,125,70,20480,-1.0,1
Dialga,4,5.4,683.0,steel,dragon,"['Pressure', 'Telepathy']",100,120,120,90,150,100,30720,-1.0,1
Palkia,4,4.2,336.0,water,dragon,"['Pressure', 'Telepathy']",90,120,100,100,150,120,30720,-1.0,1
Heatran,4,1.7,430.0,fire,steel,"['Flash Fire', 'Flame Body']",91,90,106,77,130,106,2560,50.0,1
Regigigas,4,3.7,420.0,normal,-1,['Slow Start'],110,160,110,100,80,110,30720,-1.0,1
Giratina,4,4.5,750.0,ghost,dragon,"['Pressure', 'Telepathy', 'Levitate']",150,120,100,90,120,100,30720,-1.0,1
Cresselia,4,1.5,85.6,psychic,-1,['Levitate'],120,70,120,85,75,130,30720,0.0,1
Phione,4,0.4,3.1,water,-1,['Hydration'],80,80,80,80,80,80,10240,-1.0,0
Manaphy,4,0.3,1.4,water,-1,['Hydration'],100,100,100,100,100,100,2560,-1.0,1
Darkrai,4,1.5,50.5,dark,-1,['Bad Dreams'],70,90,90,125,135,90,30720,-1.0,1
Shaymin,4,0.2,2.1,grass,grass,"['Natural Cure', 'Serene Grace']",100,103,75,127,120,75,30720,-1.0,1
Arceus,4,3.2,320.0,normal,-1,['Multitype'],120,120,120,120,120,120,30720,-1.0,1
Victini,5,0.4,4.0,psychic,fire,['Victory Star'],100,100,100,100,100,100,30720,-1.0,1
Snivy,5,0.6,8.1,grass,-1,"['Overgrow', 'Contrary']",45,45,55,63,45,55,5120,88.1,0
Servine,5,0.8,16.0,grass,-1,"['Overgrow', 'Contrary']",60,60,75,83,60,75,5120,88.1,0
Serperior,5,3.3,63.0,grass,-1,"['Overgrow', 'Contrary']",75,75,95,113,75,95,5120,88.1,0
Tepig,5,0.5,9.9,fire,-1,"['Blaze', 'Thick Fat']",65,63,45,45,45,45,5120,88.1,0
Pignite,5,1.0,55.5,fire,fighting,"['Blaze', 'Thick Fat']",90,93,55,55,70,55,5120,88.1,0
Emboar,5,1.6,150.0,fire,fighting,"['Blaze', 'Reckless']",110,123,65,65,100,65,5120,88.1,0
Oshawott,5,0.5,5.9,water,-1,"['Torrent', 'Shell Armor']",55,55,45,45,63,45,5120,88.1,0
Dewott,5,0.8,24.5,water,-1,"['Torrent', 'Shell Armor']",75,75,60,60,83,60,5120,88.1,0
Samurott,5,1.5,94.6,water,-1,"['Torrent', 'Shell Armor']",95,100,85,70,108,70,5120,88.1,0
Patrat,5,0.5,11.6,normal,-1,"['Run Away', 'Keen Eye', 'Analytic']",45,55,39,42,35,39,3840,50.0,0
Watchog,5,1.1,27.0,normal,-1,"['Illuminate', 'Keen Eye', 'Analytic']",60,85,69,77,60,69,5120,50.0,0
Lillipup,5,0.4,4.1,normal,-1,"['Vital Spirit', 'Pickup', 'Run Away']",45,60,45,55,25,45,3840,50.0,0
Herdier,5,0.9,14.7,normal,-1,"['Intimidate', 'Sand Rush', 'Scrappy']",65,80,65,60,35,65,3840,50.0,0
Stoutland,5,1.2,61.0,normal,-1,"['Intimidate', 'Sand Rush', 'Scrappy']",85,110,90,80,45,90,3840,50.0,0
Purrloin,5,0.4,10.1,dark,-1,"['Limber', 'Unburden', 'Prankster']",41,50,37,66,50,37,5120,50.0,0
Liepard,5,1.1,37.5,dark,-1,"['Limber', 'Unburden', 'Prankster']",64,88,50,106,88,50,5120,50.0,0
Pansage,5,0.6,10.5,grass,-1,"['Gluttony', 'Overgrow']",50,53,48,64,53,48,5120,88.1,0
Simisage,5,1.1,30.5,grass,-1,"['Gluttony', 'Overgrow']",75,98,63,101,98,63,5120,88.1,0
Pansear,5,0.6,11.0,fire,-1,"['Gluttony', 'Blaze']",50,53,48,64,53,48,5120,88.1,0
Simisear,5,1.0,28.0,fire,-1,"['Gluttony', 'Blaze']",75,98,63,101,98,63,5120,88.1,0
Panpour,5,0.6,13.5,water,-1,"['Gluttony', 'Torrent']",50,53,48,64,53,48,5120,88.1,0
Simipour,5,1.0,29.0,water,-1,"['Gluttony', 'Torrent']",75,98,63,101,98,63,5120,88.1,0
Munna,5,0.6,23.3,psychic,-1,"['Forewarn', 'Synchronize', 'Telepathy']",76,25,45,24,67,55,2560,50.0,0
Musharna,5,1.1,60.5,psychic,-1,"['Forewarn', 'Synchronize', 'Telepathy']",116,55,85,29,107,95,2560,50.0,0
Pidove,5,0.3,2.1,normal,flying,"['Big Pecks', 'Super Luck', 'Rivalry']",50,55,50,43,36,30,3840,50.0,0
Tranquill,5,0.6,15.0,normal,flying,"['Big Pecks', 'Super Luck', 'Rivalry']",62,77,62,65,50,42,3840,50.0,0
Unfezant,5,1.2,29.0,normal,flying,"['Big Pecks', 'Super Luck', 'Rivalry']",80,115,80,93,65,55,3840,50.0,0
Blitzle,5,0.8,29.8,electric,-1,"['Lightningrod', 'Motor Drive', 'Sap Sipper']",45,60,32,76,50,32,5120,50.0,0
Zebstrika,5,1.6,79.5,electric,-1,"['Lightningrod', 'Motor Drive', 'Sap Sipper']",75,100,63,116,80,63,5120,50.0,0
Roggenrola,5,0.4,18.0,rock,-1,"['Sturdy', 'Weak Armor', 'Sand Force']",55,75,85,15,25,25,3840,50.0,0
Boldore,5,0.9,102.0,rock,-1,"['Sturdy', 'Weak Armor', 'Sand Force']",70,105,105,20,50,40,3840,50.0,0
Gigalith,5,1.7,260.0,rock,-1,"['Sturdy', 'Sand Stream', 'Sand Force']",85,135,130,25,60,80,3840,50.0,0
Woobat,5,0.4,2.1,psychic,flying,"['Unaware', 'Klutz', 'Simple']",65,45,43,72,55,43,3840,50.0,0
Swoobat,5,0.9,10.5,psychic,flying,"['Unaware', 'Klutz', 'Simple']",67,57,55,114,77,55,3840,50.0,0
Drilbur,5,0.3,8.5,ground,-1,"['Sand Rush', 'Sand Force', 'Mold Breaker']",60,85,40,68,30,45,5120,50.0,0
Excadrill,5,0.7,40.4,ground,steel,"['Sand Rush', 'Sand Force', 'Mold Breaker']",110,135,60,88,50,65,5120,50.0,0
Audino,5,1.1,31.0,normal,-1,"['Healer', 'Regenerator', 'Klutz']",103,60,126,50,80,126,5120,50.0,0
Timburr,5,0.6,12.5,fighting,-1,"['Guts', 'Sheer Force', 'Iron Fist']",75,80,55,35,25,35,5120,75.4,0
Gurdurr,5,1.2,40.0,fighting,-1,"['Guts', 'Sheer Force', 'Iron Fist']",85,105,85,40,40,50,5120,75.4,0
Conkeldurr,5,1.4,87.0,fighting,-1,"['Guts', 'Sheer Force', 'Iron Fist']",105,140,95,45,55,65,5120,75.4,0
Tympole,5,0.5,4.5,water,-1,"['Swift Swim', 'Hydration', 'Water Absorb']",50,50,40,64,50,40,5120,50.0,0
Palpitoad,5,0.8,17.0,water,ground,"['Swift Swim', 'Hydration', 'Water Absorb']",75,65,55,69,65,55,5120,50.0,0
Seismitoad,5,1.5,62.0,water,ground,"['Swift Swim', 'Poison Touch', 'Water Absorb']",105,95,75,74,85,75,5120,50.0,0
Throh,5,1.3,55.5,fighting,-1,"['Guts', 'Inner Focus', 'Mold Breaker']",120,100,85,45,30,85,5120,100.0,0
Sawk,5,1.4,51.0,fighting,-1,"['Sturdy', 'Inner Focus', 'Mold Breaker']",75,125,75,85,30,75,5120,100.0,0
Sewaddle,5,0.3,2.5,bug,grass,"['Swarm', 'Chlorophyll', 'Overcoat']",45,53,70,42,40,60,3840,50.0,0
Swadloon,5,0.5,7.3,bug,grass,"['Leaf Guard', 'Chlorophyll', 'Overcoat']",55,63,90,42,50,80,3840,50.0,0
Leavanny,5,1.2,20.5,bug,grass,"['Swarm', 'Chlorophyll', 'Overcoat']",75,103,80,92,70,80,3840,50.0,0
Venipede,5,0.4,5.3,bug,poison,"['Poison Point', 'Swarm', 'Speed Boost']",30,45,59,57,30,39,3840,50.0,0
Whirlipede,5,1.2,58.5,bug,poison,"['Poison Point', 'Swarm', 'Speed Boost']",40,55,99,47,40,79,3840,50.0,0
Scolipede,5,2.5,200.5,bug,poison,"['Poison Point', 'Swarm', 'Speed Boost']",60,100,89,112,55,69,5120,50.0,0
Cottonee,5,0.3,0.6,grass,fairy,"['Prankster', 'Infiltrator', 'Chlorophyll']",40,27,60,66,37,50,5120,50.0,0
Whimsicott,5,0.7,6.6,grass,fairy,"['Prankster', 'Infiltrator', 'Chlorophyll']",60,67,85,116,77,75,5120,50.0,0
Petilil,5,0.5,6.6,grass,-1,"['Chlorophyll', 'Own Tempo', 'Leaf Guard']",45,35,50,30,70,50,5120,0.0,0
Lilligant,5,1.1,16.3,grass,-1,"['Chlorophyll', 'Own Tempo', 'Leaf Guard']",70,60,75,90,110,75,5120,0.0,0
Basculin,5,1.0,18.0,water,-1,"['Reckless', 'Rock Head', 'Adaptability', 'Mold Breaker']",70,92,65,98,80,55,10240,50.0,0
Sandile,5,0.7,15.2,ground,dark,"['Intimidate', 'Moxie', 'Anger Point']",50,72,35,65,35,35,5120,50.0,0
Krokorok,5,1.0,33.4,ground,dark,"['Intimidate', 'Moxie', 'Anger Point']",60,82,45,74,45,45,5120,50.0,0
Krookodile,5,1.5,96.3,ground,dark,"['Intimidate', 'Moxie', 'Anger Point']",95,117,80,92,65,70,5120,50.0,0
Darumaka,5,0.6,37.5,fire,-1,"['Hustle', 'Inner Focus']",70,90,45,50,15,45,5120,50.0,0
Darmanitan,5,1.3,92.9,fire,fire,"['Sheer Force', 'Zen Mode']",105,30,105,55,140,105,5120,50.0,0
Maractus,5,1.0,28.0,grass,-1,"['Water Absorb', 'Chlorophyll', 'Storm Drain']",75,86,67,60,106,67,5120,50.0,0
Dwebble,5,0.3,14.5,bug,rock,"['Sturdy', 'Shell Armor', 'Weak Armor']",50,65,85,55,35,35,5120,50.0,0
Crustle,5,1.4,200.0,bug,rock,"['Sturdy', 'Shell Armor', 'Weak Armor']",70,105,125,45,65,75,5120,50.0,0
Scraggy,5,0.6,11.8,dark,fighting,"['Shed Skin', 'Moxie', 'Intimidate']",50,75,70,48,35,70,3840,50.0,0
Scrafty,5,1.1,30.0,dark,fighting,"['Shed Skin', 'Moxie', 'Intimidate']",65,90,115,58,45,115,3840,50.0,0
Sigilyph,5,1.4,14.0,psychic,flying,"['Wonder Skin ', 'Magic Guard', 'Tinted Lens']",72,58,80,97,103,80,5120,50.0,0
Yamask,5,0.5,1.5,ghost,-1,['Mummy'],38,30,85,30,55,65,6400,50.0,0
Cofagrigus,5,1.7,76.5,ghost,-1,['Mummy'],58,50,145,30,95,105,6400,50.0,0
Tirtouga,5,0.7,16.5,water,rock,"['Solid Rock', 'Sturdy', 'Swift Swim']",54,78,103,22,53,45,7680,88.1,0
Carracosta,5,1.2,81.0,water,rock,"['Solid Rock', 'Sturdy', 'Swift Swim']",74,108,133,32,83,65,7680,88.1,0
Archen,5,0.5,9.5,rock,flying,['Defeatist'],55,112,45,70,74,45,7680,88.1,0
Archeops,5,1.4,32.0,rock,flying,['Defeatist'],75,140,65,110,112,65,7680,88.1,0
Trubbish,5,0.6,31.0,poison,-1,"['Stench', 'Sticky Hold', 'Aftermath']",50,50,62,65,40,62,5120,50.0,0
Garbodor,5,1.9,107.3,poison,-1,"['Stench', 'Weak Armor', 'Aftermath']",80,95,82,75,60,82,5120,50.0,0
Zorua,5,0.7,12.5,dark,-1,['Illusion'],40,65,40,65,80,40,6400,88.1,0
Zoroark,5,1.6,81.1,dark,-1,['Illusion'],60,105,60,105,120,60,5120,88.1,0
Minccino,5,0.4,5.8,normal,-1,"['Cute Charm', 'Technician', 'Skill Link']",55,50,40,75,40,40,3840,24.6,0
Cinccino,5,0.5,7.5,normal,-1,"['Cute Charm', 'Technician', 'Skill Link']",75,95,60,115,65,60,3840,24.6,0
Gothita,5,0.4,5.8,psychic,-1,"['Frisk', 'Competitive', 'Shadow Tag']",45,30,50,45,55,65,5120,24.6,0
Gothorita,5,0.7,18.0,psychic,-1,"['Frisk', 'Competitive', 'Shadow Tag']",60,45,70,55,75,85,5120,24.6,0
Gothitelle,5,1.5,44.0,psychic,-1,"['Frisk', 'Competitive', 'Shadow Tag']",70,55,95,65,95,110,5120,24.6,0
Solosis,5,0.3,1.0,psychic,-1,"['Overcoat', 'Magic Guard', 'Regenerator']",45,30,40,20,105,50,5120,50.0,0
Duosion,5,0.6,8.0,psychic,-1,"['Overcoat', 'Magic Guard', 'Regenerator']",65,40,50,30,125,60,5120,50.0,0
Reuniclus,5,1.0,20.1,psychic,-1,"['Overcoat', 'Magic Guard', 'Regenerator']",110,65,75,30,125,85,5120,50.0,0
Ducklett,5,0.5,5.5,water,flying,"['Keen Eye', 'Big Pecks', 'Hydration']",62,44,50,55,44,50,5120,50.0,0
Swanna,5,1.3,24.2,water,flying,"['Keen Eye', 'Big Pecks', 'Hydration']",75,87,63,98,87,63,5120,50.0,0
Vanillite,5,0.4,5.7,ice,-1,"['Ice Body', 'Snow Cloak', 'Weak Armor']",36,50,50,44,65,60,5120,50.0,0
Vanillish,5,1.1,41.0,ice,-1,"['Ice Body', 'Snow Cloak', 'Weak Armor']",51,65,65,59,80,75,5120,50.0,0
Vanilluxe,5,1.3,57.5,ice,-1,"['Ice Body', 'Snow Warning', 'Weak Armor']",71,95,85,79,110,95,5120,50.0,0
Deerling,5,0.6,19.5,normal,grass,"['Chlorophyll', 'Sap Sipper', 'Serene Grace']",60,60,50,75,40,50,5120,50.0,0
Sawsbuck,5,1.9,92.5,normal,grass,"['Chlorophyll', 'Sap Sipper', 'Serene Grace']",80,100,70,95,60,70,5120,50.0,0
Emolga,5,0.4,5.0,electric,flying,"['Static', 'Motor Drive']",55,75,60,103,75,60,5120,50.0,0
Karrablast,5,0.5,5.9,bug,-1,"['Swarm', 'Shed Skin', 'No Guard']",50,75,45,60,40,45,3840,50.0,0
Escavalier,5,1.0,33.0,bug,steel,"['Swarm', 'Shell Armor', 'Overcoat']",70,135,105,20,60,105,3840,50.0,0
Foongus,5,0.2,1.0,grass,poison,"['Effect Spore', 'Regenerator']",69,55,45,15,55,55,5120,50.0,0
Amoonguss,5,0.6,10.5,grass,poison,"['Effect Spore', 'Regenerator']",114,85,70,30,85,80,5120,50.0,0
Frillish,5,1.2,33.0,water,ghost,"['Water Absorb', 'Cursed Body', 'Damp']",55,40,50,40,65,85,5120,50.0,0
Jellicent,5,2.2,135.0,water,ghost,"['Water Absorb', 'Cursed Body', 'Damp']",100,60,70,60,85,105,5120,50.0,0
Alomomola,5,1.2,31.6,water,-1,"['Healer', 'Hydration', 'Regenerator']",165,75,80,65,40,45,10240,50.0,0
Joltik,5,0.1,0.6,bug,electric,"['Compoundeyes', 'Unnerve', 'Swarm']",50,47,50,65,57,50,5120,50.0,0
Galvantula,5,0.8,14.3,bug,electric,"['Compoundeyes', 'Unnerve', 'Swarm']",70,77,60,108,97,60,5120,50.0,0
Ferroseed,5,0.6,18.8,grass,steel,['Iron Barbs'],44,50,91,10,24,86,5120,50.0,0
Ferrothorn,5,1.0,110.0,grass,steel,"['Iron Barbs', 'Anticipation']",74,94,131,20,54,116,5120,50.0,0
Klink,5,0.3,21.0,steel,-1,"['Plus', 'Minus', 'Clear Body']",40,55,70,30,45,60,5120,-1.0,0
Klang,5,0.6,51.0,steel,-1,"['Plus', 'Minus', 'Clear Body']",60,80,95,50,70,85,5120,-1.0,0
Klinklang,5,0.6,81.0,steel,-1,"['Plus', 'Minus', 'Clear Body']",60,100,115,90,70,85,5120,-1.0,0
Tynamo,5,0.2,0.3,electric,-1,['Levitate'],35,55,40,60,45,40,5120,50.0,0
Eelektrik,5,1.2,22.0,electric,-1,['Levitate'],65,85,70,40,75,70,5120,50.0,0
Eelektross,5,2.1,80.5,electric,-1,['Levitate'],85,115,80,50,105,80,5120,50.0,0
Elgyem,5,0.5,9.0,psychic,-1,"['Telepathy', 'Synchronize', 'Analytic']",55,55,55,30,85,55,5120,50.0,0
Beheeyem,5,1.0,34.5,psychic,-1,"['Telepathy', 'Synchronize', 'Analytic']",75,75,75,40,125,95,5120,50.0,0
Litwick,5,0.3,3.1,ghost,fire,"['Flash Fire', 'Flame Body', 'Infiltrator']",50,30,55,20,65,55,5120,50.0,0
Lampent,5,0.6,13.0,ghost,fire,"['Flash Fire', 'Flame Body', 'Infiltrator']",60,40,60,55,95,60,5120,50.0,0
Chandelure,5,1.0,34.3,ghost,fire,"['Flash Fire', 'Flame Body', 'Infiltrator']",60,55,90,80,145,90,5120,50.0,0
Axew,5,0.6,18.0,dragon,-1,"['Rivalry', 'Mold Breaker', 'Unnerve']",46,87,60,57,30,40,10240,50.0,0
Fraxure,5,1.0,36.0,dragon,-1,"['Rivalry', 'Mold Breaker', 'Unnerve']",66,117,70,67,40,50,10240,50.0,0
Haxorus,5,1.8,105.5,dragon,-1,"['Rivalry', 'Mold Breaker', 'Unnerve']",76,147,90,97,60,70,10240,50.0,0
Cubchoo,5,0.5,8.5,ice,-1,"['Snow Cloak', 'Slush Rush', 'Rattled']",55,70,40,40,60,40,5120,50.0,0
Beartic,5,2.6,260.0,ice,-1,"['Snow Cloak', 'Slush Rush', 'Swift Swim']",95,130,80,50,70,80,5120,50.0,0
Cryogonal,5,1.1,148.0,ice,-1,['Levitate'],80,50,50,105,95,135,6400,-1.0,0
Shelmet,5,0.4,7.7,bug,-1,"['Hydration', 'Shell Armor', 'Overcoat']",50,40,85,25,40,65,3840,50.0,0
Accelgor,5,0.8,25.3,bug,-1,"['Hydration', 'Sticky Hold', 'Unburden']",80,70,40,145,100,60,3840,50.0,0
Stunfisk,5,0.7,11.0,ground,electric,"['Static', 'Limber', 'Sand Veil']",109,66,84,32,81,99,5120,50.0,0
Mienfoo,5,0.9,20.0,fighting,-1,"['Inner Focus', 'Regenerator', 'Reckless']",45,85,50,65,55,50,6400,50.0,0
Mienshao,5,1.4,35.5,fighting,-1,"['Inner Focus', 'Regenerator', 'Reckless']",65,125,60,105,95,60,6400,50.0,0
Druddigon,5,1.6,139.0,dragon,-1,"['Rough Skin', 'Sheer Force', 'Mold Breaker']",77,120,90,48,60,90,7680,50.0,0
Golett,5,1.0,92.0,ground,ghost,"['Iron Fist', 'Klutz', 'No Guard']",59,74,50,35,35,50,6400,-1.0,0
Golurk,5,2.8,330.0,ground,ghost,"['Iron Fist', 'Klutz', 'No Guard']",89,124,80,55,55,80,6400,-1.0,0
Pawniard,5,0.5,10.2,dark,steel,"['Defiant', 'Inner Focus', 'Pressure']",45,85,70,60,40,40,5120,50.0,0
Bisharp,5,1.6,70.0,dark,steel,"['Defiant', 'Inner Focus', 'Pressure']",65,125,100,70,60,70,5120,50.0,0
Bouffalant,5,1.6,94.6,normal,-1,"['Reckless', 'Sap Sipper', 'Soundproof']",95,110,95,55,40,95,5120,50.0,0
Rufflet,5,0.5,10.5,normal,flying,"['Keen Eye', 'Sheer Force', 'Hustle']",70,83,50,60,37,50,5120,100.0,0
Braviary,5,1.5,41.0,normal,flying,"['Keen Eye', 'Sheer Force', 'Defiant']",100,123,75,80,57,75,5120,100.0,0
Vullaby,5,0.5,9.0,dark,flying,"['Big Pecks', 'Overcoat', 'Weak Armor']",70,55,75,60,45,65,5120,0.0,0
Mandibuzz,5,1.2,39.5,dark,flying,"['Big Pecks', 'Overcoat', 'Weak Armor']",110,65,105,80,55,95,5120,0.0,0
Heatmor,5,1.4,58.0,fire,-1,"['Gluttony', 'Flash Fire', 'White Smoke']",85,97,66,65,105,66,5120,50.0,0
Durant,5,0.3,33.0,bug,steel,"['Swarm', 'Hustle', 'Truant']",58,109,112,109,48,48,5120,50.0,0
Deino,5,0.8,17.3,dark,dragon,['Hustle'],52,65,50,38,45,50,10240,50.0,0
Zweilous,5,1.4,50.0,dark,dragon,['Hustle'],72,85,70,58,65,70,10240,50.0,0
Hydreigon,5,1.8,160.0,dark,dragon,['Levitate'],92,105,90,98,125,90,10240,50.0,0
Larvesta,5,1.1,28.8,bug,fire,"['Flame Body', 'Swarm']",55,85,55,60,50,55,10240,50.0,0
Volcarona,5,1.6,46.0,bug,fire,"['Flame Body', 'Swarm']",85,60,65,100,135,105,10240,50.0,0
Cobalion,5,2.1,250.0,steel,fighting,['Justified'],91,90,129,108,90,72,20480,-1.0,1
Terrakion,5,1.9,260.0,rock,fighting,['Justified'],91,129,90,108,72,90,20480,-1.0,1
Virizion,5,2.0,200.0,grass,fighting,['Justified'],91,90,72,108,90,129,20480,-1.0,1
Tornadus,5,1.5,63.0,flying,-1,"['Prankster', 'Defiant', 'Regenerator']",79,100,80,121,110,90,30720,100.0,1
Thundurus,5,1.5,61.0,electric,flying,"['Prankster', 'Defiant', 'Volt Absorb']",79,105,70,101,145,80,30720,100.0,1
Reshiram,5,3.2,330.0,dragon,fire,['Turboblaze'],100,120,100,90,150,120,30720,-1.0,1
Zekrom,5,2.9,345.0,dragon,electric,['Teravolt'],100,150,120,90,120,100,30720,-1.0,1
Landorus,5,1.5,68.0,ground,flying,"['Sand Force', 'Sheer Force', 'Intimidate']",89,145,90,91,105,80,30720,100.0,1
Kyurem,5,3.0,325.0,dragon,ice,"['Pressure', 'Teravolt', 'Turboblaze']",125,120,90,95,170,100,30720,-1.0,1
Keldeo,5,1.4,48.5,water,fighting,['Justified'],91,72,90,108,129,90,20480,-1.0,1
Meloetta,5,0.6,6.5,normal,psychic,['Serene Grace'],100,128,90,128,77,77,30720,-1.0,1
Genesect,5,1.5,82.5,bug,steel,['Download'],71,120,95,99,120,95,30720,-1.0,1
Chespin,6,0.4,9.0,grass,-1,"['Overgrow', 'Bulletproof']",56,61,65,38,48,45,5120,88.1,0
Quilladin,6,0.7,29.0,grass,-1,"['Overgrow', 'Bulletproof']",61,78,95,57,56,58,5120,88.1,0
Chesnaught,6,1.6,90.0,grass,fighting,"['Overgrow', 'Bulletproof']",88,107,122,64,74,75,5120,88.1,0
Fennekin,6,0.4,9.4,fire,-1,"['Blaze', 'Magician']",40,45,40,60,62,60,5120,88.1,0
Braixen,6,1.0,14.5,fire,-1,"['Blaze', 'Magician']",59,59,58,73,90,70,5120,88.1,0
Delphox,6,1.5,39.0,fire,psychic,"['Blaze', 'Magician']",75,69,72,104,114,100,5120,88.1,0
Froakie,6,0.3,7.0,water,-1,"['Torrent', 'Protean']",41,56,40,71,62,44,5120,88.1,0
Frogadier,6,0.6,10.9,water,-1,"['Torrent', 'Protean']",54,63,52,97,83,56,5120,88.1,0
Greninja,6,1.5,40.0,water,dark,"['Torrent', 'Protean', 'Battle Bond']",72,145,67,132,153,71,5120,88.1,0
Bunnelby,6,0.4,5.0,normal,-1,"['Pickup', 'Cheek Pouch', 'Huge Power']",38,36,38,57,32,36,3840,50.0,0
Diggersby,6,1.0,42.4,normal,ground,"['Pickup', 'Cheek Pouch', 'Huge Power']",85,56,77,78,50,77,3840,50.0,0
Fletchling,6,0.3,1.7,normal,flying,"['Big Pecks', 'Gale Wings']",45,50,43,62,40,38,3840,50.0,0
Fletchinder,6,0.7,16.0,fire,flying,"['Flame Body', 'Gale Wings']",62,73,55,84,56,52,3840,50.0,0
Talonflame,6,1.2,24.5,fire,flying,"['Flame Body', 'Gale Wings']",78,81,71,126,74,69,3840,50.0,0
Scatterbug,6,0.3,2.5,bug,-1,"['Shield Dust', 'Compoundeyes', 'Friend Guard']",38,35,40,35,27,25,3840,50.0,0
Spewpa,6,0.3,8.4,bug,-1,"['Shed Skin', 'Friend Guard']",45,22,60,29,27,30,3840,50.0,0
Vivillon,6,1.2,17.0,bug,flying,"['Shield Dust', 'Compoundeyes', 'Friend Guard']",80,52,50,89,90,50,3840,50.0,0
Litleo,6,0.6,13.5,fire,normal,"['Rivalry', 'Unnerve', 'Moxie']",62,50,58,72,73,54,5120,11.2,0
Pyroar,6,1.5,81.5,fire,normal,"['Rivalry', 'Unnerve', 'Moxie']",86,68,72,106,109,66,5120,11.2,0
Flabébé,6,0.1,0.1,fairy,-1,"['Flower Veil', 'Symbiosis']",44,38,39,42,61,79,5120,0.0,0
Floette,6,0.2,0.9,fairy,-1,"['Flower Veil', 'Symbiosis']",74,65,67,92,125,128,5120,0.0,0
Florges,6,1.1,10.0,fairy,-1,"['Flower Veil', 'Symbiosis']",78,65,68,75,112,154,5120,0.0,0
Skiddo,6,0.9,31.0,grass,-1,"['Sap Sipper', 'Grass Pelt']",66,65,48,52,62,57,5120,50.0,0
Gogoat,6,1.7,91.0,grass,-1,"['Sap Sipper', 'Grass Pelt']",123,100,62,68,97,81,5120,50.0,0
Pancham,6,0.6,8.0,fighting,-1,"['Iron Fist', 'Mold Breaker', 'Scrappy']",67,82,62,43,46,48,6400,50.0,0
Pangoro,6,2.1,136.0,fighting,dark,"['Iron Fist', 'Mold Breaker', 'Scrappy']",95,124,78,58,69,71,6400,50.0,0
Furfrou,6,1.2,28.0,normal,-1,['Fur Coat'],75,80,60,102,65,90,5120,50.0,0
Espurr,6,0.3,3.5,psychic,-1,"['Keen Eye', 'Infiltrator', 'Own Tempo']",62,48,54,68,63,60,5120,50.0,0
Meowstic,6,0.6,8.5,psychic,-1,"['Keen Eye', 'Infiltrator', 'Prankster', 'Competitive']",74,48,76,104,83,81,5120,50.0,0
Honedge,6,0.8,2.0,steel,ghost,['No Guard'],45,80,100,28,35,37,5120,50.0,0
Doublade,6,0.8,4.5,steel,ghost,['No Guard'],59,110,150,35,45,49,5120,50.0,0
Aegislash,6,1.7,53.0,steel,ghost,['Stance Change'],60,150,50,60,150,50,5120,50.0,0
Spritzee,6,0.2,0.5,fairy,-1,"['Healer', 'Aroma Veil']",78,52,60,23,63,65,5120,50.0,0
Aromatisse,6,0.8,15.5,fairy,-1,"['Healer', 'Aroma Veil']",101,72,72,29,99,89,5120,50.0,0
Swirlix,6,0.4,3.5,fairy,-1,"['Sweet Veil', 'Unburden']",62,48,66,49,59,57,5120,50.0,0
Slurpuff,6,0.8,5.0,fairy,-1,"['Sweet Veil', 'Unburden']",82,80,86,72,85,75,5120,50.0,0
Inkay,6,0.4,3.5,dark,psychic,"['Contrary', 'Suction Cups', 'Infiltrator']",53,54,53,45,37,46,5120,50.0,0
Malamar,6,1.5,47.0,dark,psychic,"['Contrary', 'Suction Cups', 'Infiltrator']",86,92,88,73,68,75,5120,50.0,0
Binacle,6,0.5,31.0,rock,water,"['Tough Claws', 'Sniper', 'Pickpocket']",42,52,67,50,39,56,5120,50.0,0
Barbaracle,6,1.3,96.0,rock,water,"['Tough Claws', 'Sniper', 'Pickpocket']",72,105,115,68,54,86,5120,50.0,0
Skrelp,6,0.5,7.3,poison,water,"['Poison Point', 'Poison Touch', 'Adaptability']",50,60,60,30,60,60,5120,50.0,0
Dragalge,6,1.8,81.5,poison,dragon,"['Poison Point', 'Poison Touch', 'Adaptability']",65,75,90,44,97,123,5120,50.0,0
Clauncher,6,0.5,8.3,water,-1,['Mega Launcher'],50,53,62,44,58,63,3840,50.0,0
Clawitzer,6,1.3,35.3,water,-1,['Mega Launcher'],71,73,88,59,120,89,3840,50.0,0
Helioptile,6,0.5,6.0,electric,normal,"['Dry Skin', 'Sand Veil', 'Solar Power']",44,38,33,70,61,43,5120,50.0,0
Heliolisk,6,1.0,21.0,electric,normal,"['Dry Skin', 'Sand Veil', 'Solar Power']",62,55,52,109,109,94,5120,50.0,0
Tyrunt,6,0.8,26.0,rock,dragon,"['Strong Jaw', 'Sturdy']",58,89,77,48,45,45,7680,88.1,0
Tyrantrum,6,2.5,270.0,rock,dragon,"['Strong Jaw', 'Rock Head']",82,121,119,71,69,59,7680,88.1,0
Amaura,6,1.3,25.2,rock,ice,"['Refrigerate', 'Snow Warning']",77,59,50,46,67,63,7680,88.1,0
Aurorus,6,2.7,225.0,rock,ice,"['Refrigerate', 'Snow Warning']",123,77,72,58,99,92,7680,88.1,0
Sylveon,6,1.0,23.5,fairy,-1,"['Cute Charm', 'Pixilate']",95,65,65,60,110,130,8960,88.1,0
Hawlucha,6,0.8,21.5,fighting,flying,"['Limber', 'Unburden', 'Mold Breaker']",78,92,75,118,74,63,5120,50.0,0
Dedenne,6,0.2,2.2,electric,fairy,"['Cheek Pouch', 'Pickup', 'Plus']",67,58,57,101,81,67,5120,50.0,0
Carbink,6,0.3,5.7,rock,fairy,"['Clear Body', 'Sturdy']",50,50,150,50,50,150,6400,-1.0,0
Goomy,6,0.3,2.8,dragon,-1,"['Sap Sipper', 'Hydration', 'Gooey']",45,50,35,40,55,75,10240,50.0,0
Sliggoo,6,0.8,17.5,dragon,-1,"['Sap Sipper', 'Hydration', 'Gooey']",68,75,53,60,83,113,10240,50.0,0
Goodra,6,2.0,150.5,dragon,-1,"['Sap Sipper', 'Hydration', 'Gooey']",90,100,70,80,110,150,10240,50.0,0
Klefki,6,0.2,3.0,steel,fairy,"['Prankster', 'Magician']",57,80,91,75,80,87,5120,50.0,0
Phantump,6,0.4,7.0,ghost,grass,"['Natural Cure', 'Frisk', 'Harvest']",43,70,48,38,50,60,5120,50.0,0
Trevenant,6,1.5,71.0,ghost,grass,"['Natural Cure', 'Frisk', 'Harvest']",85,110,76,56,65,82,5120,50.0,0
Pumpkaboo,6,0.8,15.0,ghost,grass,"['Pickup', 'Frisk', 'Insomnia']",59,66,70,41,44,55,5120,50.0,0
Gourgeist,6,1.7,39.0,ghost,grass,"['Pickup', 'Frisk', 'Insomnia']",85,100,122,54,58,75,5120,50.0,0
Bergmite,6,1.0,99.5,ice,-1,"['Own Tempo', 'Ice Body', 'Sturdy']",55,69,85,28,32,35,5120,50.0,0
Avalugg,6,2.0,505.0,ice,-1,"['Own Tempo', 'Ice Body', 'Sturdy']",95,117,184,28,44,46,5120,50.0,0
Noibat,6,0.5,8.0,flying,dragon,"['Frisk', 'Infiltrator', 'Telepathy']",40,30,35,55,45,40,5120,50.0,0
Noivern,6,1.5,85.0,flying,dragon,"['Frisk', 'Infiltrator', 'Telepathy']",85,70,80,123,97,80,5120,50.0,0
Xerneas,6,3.0,215.0,fairy,-1,['Fairy Aura'],126,131,95,99,131,98,30720,-1.0,1
Yveltal,6,5.8,203.0,dark,flying,['Dark Aura'],126,131,95,99,131,98,30720,-1.0,1
Zygarde,6,5.0,284.6,dragon,ground,"['Aura Break', 'Power Construct']",216,100,121,85,91,95,30720,-1.0,1
Diancie,6,0.7,8.8,rock,fairy,['Clear Body'],50,160,110,110,160,110,6400,-1.0,1
Hoopa,6,,0.5,psychic,ghost,['Magician'],80,160,60,80,170,130,30720,-1.0,1
Volcanion,6,1.7,195.0,fire,water,['Water Absorb'],80,110,120,70,130,90,30720,-1.0,1
Rowlet,7,0.3,1.5,grass,flying,"['Overgrow', 'Long Reach']",68,55,55,42,50,50,3840,88.1,0
Dartrix,7,0.7,16.0,grass,flying,"['Overgrow', 'Long Reach']",78,75,75,52,70,70,3840,88.1,0
Decidueye,7,1.6,36.6,grass,ghost,"['Overgrow', 'Long Reach']",78,107,75,70,100,100,3840,88.1,0
Litten,7,0.4,4.3,fire,-1,"['Blaze', 'Intimidate']",45,65,40,70,60,40,3840,88.1,0
Torracat,7,0.7,25.0,fire,-1,"['Blaze', 'Intimidate']",65,85,50,90,80,50,3840,88.1,0
Incineroar,7,1.8,83.0,fire,dark,"['Blaze', 'Intimidate']",95,115,90,60,80,90,3840,88.1,0
Popplio,7,0.4,7.5,water,-1,"['Torrent', 'Liquid Voice']",50,54,54,40,66,56,3840,88.1,0
Brionne,7,0.6,17.5,water,-1,"['Torrent', 'Liquid Voice']",60,69,69,50,91,81,3840,88.1,0
Primarina,7,1.8,44.0,water,fairy,"['Torrent', 'Liquid Voice']",80,74,74,60,126,116,3840,88.1,0
Pikipek,7,0.3,1.2,normal,flying,"['Keen Eye', 'Skill Link', 'Pickup']",35,75,30,65,30,30,3840,50.0,0
Trumbeak,7,0.6,14.8,normal,flying,"['Keen Eye', 'Skill Link', 'Pickup']",55,85,50,75,40,50,3840,50.0,0
Toucannon,7,1.1,26.0,normal,flying,"['Keen Eye', 'Skill Link', 'Sheer Force']",80,120,75,60,75,75,3840,50.0,0
Yungoos,7,0.4,6.0,normal,-1,"['Stakeout', 'Strong Jaw', 'Adaptability']",48,70,30,45,30,30,3840,50.0,0
Gumshoos,7,0.7,14.2,normal,-1,"['Stakeout', 'Strong Jaw', 'Adaptability']",88,110,60,45,55,60,3840,50.0,0
Grubbin,7,0.4,4.4,bug,-1,['Swarm'],47,62,45,46,55,45,3840,50.0,0
Charjabug,7,0.5,10.5,bug,electric,['Battery'],57,82,95,36,55,75,3840,50.0,0
Vikavolt,7,1.5,45.0,bug,electric,['Levitate'],77,70,90,43,145,75,3840,50.0,0
Crabrawler,7,0.6,7.0,fighting,-1,"['Hyper Cutter', 'Iron Fist', 'Anger Point']",47,82,57,63,42,47,5120,50.0,0
Crabominable,7,1.7,180.0,fighting,ice,"['Hyper Cutter', 'Iron Fist', 'Anger Point']",97,132,77,43,62,67,5120,50.0,0
Oricorio,7,0.6,3.4,fire,flying,['Dancer'],75,70,70,93,98,70,5120,24.6,0
Cutiefly,7,0.1,0.2,bug,fairy,"['Honey Gather', 'Shield Dust', 'Sweet Veil']",40,45,40,84,55,40,5120,50.0,0
Ribombee,7,0.2,0.5,bug,fairy,"['Honey Gather', 'Shield Dust', 'Sweet Veil']",60,55,60,124,95,70,5120,50.0,0
Rockruff,7,0.5,9.2,rock,-1,"['Keen Eye', 'Vital Spirit', 'Steadfast']",45,65,40,60,30,40,3840,50.0,0
Lycanroc,7,,0.8,rock,-1,"['Keen Eye', 'Sand Rush', 'Steadfast', 'Keen Eye', 'Vital Spirit', 'No Guard']",85,115,75,82,55,75,3840,50.0,0
Wishiwashi,7,0.2,0.3,water,-1,['Schooling'],45,140,130,30,140,135,3840,50.0,0
Mareanie,7,0.4,8.0,poison,water,"['Merciless', 'Limber', 'Regenerator']",50,53,62,45,43,52,5120,50.0,0
Toxapex,7,0.7,14.5,poison,water,"['Merciless', 'Limber', 'Regenerator']",50,63,152,35,53,142,5120,50.0,0
Mudbray,7,1.0,110.0,ground,-1,"['Own Tempo', 'Stamina', 'Inner Focus']",70,100,70,45,45,55,5120,50.0,0
Mudsdale,7,2.5,920.0,ground,-1,"['Own Tempo', 'Stamina', 'Inner Focus']",100,125,100,35,55,85,5120,50.0,0
Dewpider,7,0.3,4.0,water,bug,"['Water Bubble', 'Water Absorb']",38,40,52,27,40,72,3840,50.0,0
Araquanid,7,1.8,82.0,water,bug,"['Water Bubble', 'Water Absorb']",68,70,92,42,50,132,3840,50.0,0
Fomantis,7,0.3,1.5,grass,-1,"['Leaf Guard', 'Contrary']",40,55,35,35,50,35,5120,50.0,0
Lurantis,7,0.9,18.5,grass,-1,"['Leaf Guard', 'Contrary']",70,105,90,45,80,90,5120,50.0,0
Morelull,7,0.2,1.5,grass,fairy,"['Illuminate', 'Effect Spore', 'Rain Dish']",40,35,55,15,65,75,5120,50.0,0
Shiinotic,7,1.0,11.5,grass,fairy,"['Illuminate', 'Effect Spore', 'Rain Dish']",60,45,80,30,90,100,5120,50.0,0
Salandit,7,0.6,4.8,poison,fire,"['Corrosion', 'Oblivious']",48,44,40,77,71,40,5120,88.1,0
Salazzle,7,1.2,22.2,poison,fire,"['Corrosion', 'Oblivious']",68,64,60,117,111,60,5120,0.0,0
Stufful,7,0.5,6.8,normal,fighting,"['Fluffy', 'Klutz', 'Cute Charm']",70,75,50,50,45,50,3840,50.0,0
Bewear,7,2.1,135.0,normal,fighting,"['Fluffy', 'Klutz', 'Unnerve']",120,125,80,60,55,60,3840,50.0,0
Bounsweet,7,0.3,3.2,grass,-1,"['Leaf Guard', 'Oblivious', 'Sweet Veil']",42,30,38,32,30,38,5120,0.0,0
Steenee,7,0.7,8.2,grass,-1,"['Leaf Guard', 'Oblivious', 'Sweet Veil']",52,40,48,62,40,48,5120,0.0,0
Tsareena,7,1.2,21.4,grass,-1,"['Leaf Guard', 'Queenly Majesty', 'Sweet Veil']",72,120,98,72,50,98,5120,0.0,0
Comfey,7,0.1,0.3,fairy,-1,"['Flower Veil', 'Triage', 'Natural Cure']",51,52,90,100,82,110,5120,24.6,0
Oranguru,7,1.5,76.0,normal,psychic,"['Inner Focus', 'Telepathy', 'Symbiosis']",90,60,80,60,90,110,5120,50.0,0
Passimian,7,2.0,82.8,fighting,-1,"['Receiver', 'Defiant']",100,120,90,80,40,60,5120,50.0,0
Wimpod,7,0.5,12.0,bug,water,['Wimp Out'],25,35,40,80,20,30,5120,50.0,0
Golisopod,7,2.0,108.0,bug,water,['Emergency Exit'],75,125,140,40,60,90,5120,50.0,0
Sandygast,7,0.5,70.0,ghost,ground,"['Water Compaction', 'Sand Veil']",55,55,80,15,70,45,3840,50.0,0
Palossand,7,1.3,250.0,ghost,ground,"['Water Compaction', 'Sand Veil']",85,75,110,35,100,75,3840,50.0,0
Pyukumuku,7,0.3,1.2,water,-1,"['Innards Out', 'Unaware']",55,60,130,5,30,130,3840,50.0,0
Type: Null,7,1.9,120.5,normal,-1,['Battle Armor'],95,95,95,59,95,95,30720,-1.0,0
Silvally,7,2.3,100.5,normal,-1,['RKS System'],95,95,95,95,95,95,30720,-1.0,0
Minior,7,0.3,40.0,rock,flying,['Shields Down'],60,100,60,120,100,60,6400,-1.0,0
Komala,7,0.4,19.9,normal,-1,['Comatose'],65,115,65,65,75,95,5120,50.0,0
Turtonator,7,2.0,212.0,fire,dragon,['Shell Armor'],60,78,135,36,91,85,5120,50.0,0
Togedemaru,7,0.3,3.3,electric,steel,"['Iron Barbs', 'Lightningrod', 'Sturdy']",65,98,63,96,40,73,2560,50.0,0
Mimikyu,7,0.2,0.7,ghost,fairy,['Disguise'],55,90,80,96,50,105,5120,50.0,0
Bruxish,7,0.9,19.0,water,psychic,"['Dazzling', 'Strong Jaw', 'Wonder Skin ']",68,105,70,92,70,70,3840,50.0,0
Drampa,7,3.0,185.0,normal,dragon,"['Berserk', 'Sap Sipper', 'Cloud Nine']",78,60,85,36,135,91,5120,50.0,0
Dhelmise,7,3.9,210.0,ghost,grass,['Steelworker'],70,131,100,40,86,90,6400,-1.0,0
Jangmo-o,7,0.6,29.7,dragon,-1,"['Bulletproof', 'Soundproof', 'Overcoat']",45,55,65,45,45,45,10240,50.0,0
Hakamo-o,7,1.2,47.0,dragon,fighting,"['Bulletproof', 'Soundproof', 'Overcoat']",55,75,90,65,65,70,10240,50.0,0
Kommo-o,7,1.6,78.2,dragon,fighting,"['Bulletproof', 'Soundproof', 'Overcoat']",75,110,125,85,100,105,10240,50.0,0
Tapu Koko,7,1.8,20.5,electric,fairy,"['Electric Surge', 'Telepathy']",70,115,85,130,95,75,3840,-1.0,1
Tapu Lele,7,1.2,18.6,psychic,fairy,"['Psychic Surge', 'Telepathy']",70,85,75,95,130,115,3840,-1.0,1
Tapu Bulu,7,1.9,45.5,grass,fairy,"['Grassy Surge', 'Telepathy']",70,130,115,75,85,95,3840,-1.0,1
Tapu Fini,7,1.3,21.2,water,fairy,"['Misty Surge', 'Telepathy']",70,75,115,85,95,130,3840,-1.0,1
Cosmog,7,0.2,0.1,psychic,-1,['Unaware'],43,29,31,37,29,31,30720,-1.0,1
Cosmoem,7,0.1,999.9,psychic,-1,['Sturdy'],43,29,131,37,29,131,30720,-1.0,1
Solgaleo,7,3.4,230.0,psychic,steel,['Full Metal Body'],137,137,107,97,113,89,30720,-1.0,1
Lunala,7,4.0,120.0,psychic,ghost,['Shadow Shield'],137,113,89,97,137,107,30720,-1.0,1
Nihilego,7,1.2,55.5,rock,poison,['Beast Boost'],109,53,47,103,127,131,30720,-1.0,1
Buzzwole,7,2.4,333.6,bug,fighting,['Beast Boost'],107,139,139,79,53,53,30720,-1.0,1
Pheromosa,7,1.8,25.0,bug,fighting,['Beast Boost'],71,137,37,151,137,37,30720,-1.0,1
Xurkitree,7,3.8,100.0,electric,-1,['Beast Boost'],83,89,71,83,173,71,30720,-1.0,1
Celesteela,7,9.2,999.9,steel,flying,['Beast Boost'],97,101,103,61,107,101,30720,-1.0,1
Kartana,7,0.3,0.1,grass,steel,['Beast Boost'],59,181,131,109,59,31,30720,-1.0,1
Guzzlord,7,5.5,888.0,dark,dragon,['Beast Boost'],223,101,53,43,97,53,30720,-1.0,1
Necrozma,7,2.4,230.0,psychic,-1,['Prism Armor'],97,107,101,79,127,89,30720,-1.0,1
Magearna,7,1.0,80.5,steel,fairy,['Soul-Heart'],80,95,115,65,130,115,30720,-1.0,1
