name,generation,height_m,weight_kg,abilities,hp,attack,defense,speed,sp_attack,sp_defense,base_egg_steps,percentage_male,is_legendary,Type
Bulbasaur,1,0.7,6.9,"['Overgrow', 'Chlorophyll']",45,49,49,45,65,65,5120,88.1,0,"['grass', 'poison']"
Ivysaur,1,1.0,13.0,"['Overgrow', 'Chlorophyll']",60,62,63,60,80,80,5120,88.1,0,"['grass', 'poison']"
Venusaur,1,2.0,100.0,"['Overgrow', 'Chlorophyll']",80,100,123,80,122,120,5120,88.1,0,"['grass', 'poison']"
Charmander,1,0.6,8.5,"['Blaze', 'Solar Power']",39,52,43,65,60,50,5120,88.1,0,"['fire', '-1']"
Charmeleon,1,1.1,19.0,"['Blaze', 'Solar Power']",58,64,58,80,80,65,5120,88.1,0,"['fire', '-1']"
Charizard,1,1.7,90.5,"['Blaze', 'Solar Power']",78,104,78,100,159,115,5120,88.1,0,"['fire', 'flying']"
Squirtle,1,0.5,9.0,"['Torrent', 'Rain Dish']",44,48,65,43,50,64,5120,88.1,0,"['water', '-1']"
Wartortle,1,1.0,22.5,"['Torrent', 'Rain Dish']",59,63,80,58,65,80,5120,88.1,0,"['water', '-1']"
Blastoise,1,1.6,85.5,"['Torrent', 'Rain Dish']",79,103,120,78,135,115,5120,88.1,0,"['water', '-1']"
Caterpie,1,0.3,2.9,"['Shield Dust', 'Run Away']",45,30,35,45,20,20,3840,50.0,0,"['bug', '-1']"
Metapod,1,0.7,9.9,['Shed Skin'],50,20,55,30,25,25,3840,50.0,0,"['bug', '-1']"
Butterfree,1,1.1,32.0,"['Compoundeyes', 'Tinted Lens']",60,45,50,70,90,80,3840,50.0,0,"['bug', 'flying']"
Weedle,1,0.3,3.2,"['Shield Dust', 'Run Away']",40,35,30,50,20,20,3840,50.0,0,"['bug', 'poison']"
Kakuna,1,0.6,10.0,['Shed Skin'],45,25,50,35,25,25,3840,50.0,0,"['bug', 'poison']"
Beedrill,1,1.0,29.5,"['Swarm', 'Sniper']",65,150,40,145,15,80,3840,50.0,0,"['bug', 'poison']"
Pidgey,1,0.3,1.8,"['Keen Eye', 'Tangled Feet', 'Big Pecks']",40,45,40,56,35,35,3840,50.0,0,"['normal', 'flying']"
Pidgeotto,1,1.1,30.0,"['Keen Eye', 'Tangled Feet', 'Big Pecks']",63,60,55,71,50,50,3840,50.0,0,"['normal', 'flying']"
Pidgeot,1,1.5,39.5,"['Keen Eye', 'Tangled Feet', 'Big Pecks']",83,80,80,121,135,80,3840,50.0,0,"['normal', 'flying']"
Rattata,1,-1.0,-1.0,"['Run Away', 'Guts', 'Hustle', 'Gluttony', 'Hustle', 'Thick Fat']",30,56,35,72,25,35,3840,50.0,0,"['normal', 'dark']"
Raticate,1,-1.0,-1.0,"['Run Away', 'Guts', 'Hustle', 'Gluttony', 'Hustle', 'Thick Fat']",75,71,70,77,40,80,3840,50.0,0,"['normal', 'dark']"
Spearow,1,0.3,2.0,"['Keen Eye', 'Sniper']",40,60,30,70,31,31,3840,50.0,0,"['normal', 'flying']"
Fearow,1,1.2,38.0,"['Keen Eye', 'Sniper']",65,90,65,100,61,61,3840,50.0,0,"['normal', 'flying']"
Ekans,1,2.0,6.9,"['Intimidate', 'Shed Skin', 'Unnerve']",35,60,44,55,40,54,5120,50.0,0,"['poison', '-1']"
Arbok,1,3.5,65.0,"['Intimidate', 'Shed Skin', 'Unnerve']",60,95,69,80,65,79,5120,50.0,0,"['poison', '-1']"
Pikachu,1,0.4,6.0,"['Static', 'Lightningrod']",35,55,40,90,50,50,2560,50.0,0,"['electric', '-1']"
Raichu,1,-1.0,-1.0,"['Static', 'Lightningrod', 'Surge Surfer']",60,85,50,110,95,85,2560,50.0,0,"['electric', 'electric']"
Sandshrew,1,-1.0,-1.0,"['Sand Veil', 'Sand Rush', 'Snow Cloak', 'Slush Rush']",50,75,90,40,10,35,5120,50.0,0,"['ground', 'ice']"
Sandslash,1,-1.0,-1.0,"['Sand Veil', 'Sand Rush', 'Snow Cloak', 'Slush Rush']",75,100,120,65,25,65,5120,50.0,0,"['ground', 'ice']"
Nidoranâ,1,0.4,7.0,"['Poison Point', 'Rivalry', 'Hustle']",55,47,52,41,40,40,5120,0.0,0,"['poison', '-1']"
Nidorina,1,0.8,20.0,"['Poison Point', 'Rivalry', 'Hustle']",70,62,67,56,55,55,5120,0.0,0,"['poison', '-1']"
Nidoqueen,1,1.3,60.0,"['Poison Point', 'Rivalry', 'Sheer Force']",90,92,87,76,75,85,5120,0.0,0,"['poison', 'ground']"
Nidoranâ,1,0.5,9.0,"['Poison Point', 'Rivalry', 'Hustle']",46,57,40,50,40,40,5120,100.0,0,"['poison', '-1']"
Nidorino,1,0.9,19.5,"['Poison Point', 'Rivalry', 'Hustle']",61,72,57,65,55,55,5120,100.0,0,"['poison', '-1']"
Nidoking,1,1.4,62.0,"['Poison Point', 'Rivalry', 'Sheer Force']",81,102,77,85,85,75,5120,100.0,0,"['poison', 'ground']"
Clefairy,1,0.6,7.5,"['Cute Charm', 'Magic Guard', 'Friend Guard']",70,45,48,35,60,65,2560,24.6,0,"['fairy', '-1']"
Clefable,1,1.3,40.0,"['Cute Charm', 'Magic Guard', 'Unaware']",95,70,73,60,95,90,2560,24.6,0,"['fairy', '-1']"
Vulpix,1,-1.0,-1.0,"['Flash Fire', 'Drought', 'Snow Cloak', 'Snow Warning']",38,41,40,65,50,65,5120,24.6,0,"['fire', 'ice']"
Ninetales,1,-1.0,-1.0,"['Flash Fire', 'Drought', 'Snow Cloak', 'Snow Warning']",73,67,75,109,81,100,5120,24.6,0,"['fire', 'ice']"
Jigglypuff,1,0.5,5.5,"['Cute Charm', 'Competitive', 'Friend Guard']",115,45,20,20,45,25,2560,24.6,0,"['normal', 'fairy']"
Wigglytuff,1,1.0,12.0,"['Cute Charm', 'Competitive', 'Frisk']",140,70,45,45,85,50,2560,24.6,0,"['normal', 'fairy']"
Zubat,1,0.8,7.5,"['Inner Focus', 'Infiltrator']",40,45,35,55,30,40,3840,50.0,0,"['poison', 'flying']"
Golbat,1,1.6,55.0,"['Inner Focus', 'Infiltrator']",75,80,70,90,65,75,3840,50.0,0,"['poison', 'flying']"
Oddish,1,0.5,5.4,"['Chlorophyll', 'Run Away']",45,50,55,30,75,65,5120,50.0,0,"['grass', 'poison']"
Gloom,1,0.8,8.6,"['Chlorophyll', 'Stench']",60,65,70,40,85,75,5120,50.0,0,"['grass', 'poison']"
Vileplume,1,1.2,18.6,"['Chlorophyll', 'Effect Spore']",75,80,85,50,110,90,5120,50.0,0,"['grass', 'poison']"
Paras,1,0.3,5.4,"['Effect Spore', 'Dry Skin', 'Damp']",35,70,55,25,45,55,5120,50.0,0,"['bug', 'grass']"
Parasect,1,1.0,29.5,"['Effect Spore', 'Dry Skin', 'Damp']",60,95,80,30,60,80,5120,50.0,0,"['bug', 'grass']"
Venonat,1,1.0,30.0,"['Compoundeyes', 'Tinted Lens', 'Run Away']",60,55,50,45,40,55,5120,50.0,0,"['bug', 'poison']"
Venomoth,1,1.5,12.5,"['Shield Dust', 'Tinted Lens', 'Wonder Skin ']",70,65,60,90,90,75,5120,50.0,0,"['bug', 'poison']"
Diglett,1,-1.0,-1.0,"['Sand Veil', 'Arena Trap', 'Sand Force', 'Sand Veil', 'Tangling Hair', 'Sand Force']",10,55,30,90,35,45,5120,50.0,0,"['ground', 'ground']"
Dugtrio,1,-1.0,-1.0,"['Sand Veil', 'Arena Trap', 'Sand Force', 'Sand Veil', 'Tangling Hair', 'Sand Force']",35,100,60,110,50,70,5120,50.0,0,"['ground', 'ground']"
Meowth,1,-1.0,-1.0,"['Pickup', 'Technician', 'Unnerve', 'Pickup', 'Technician', 'Rattled']",40,35,35,90,50,40,5120,50.0,0,"['normal', 'dark']"
Persian,1,-1.0,-1.0,"['Limber', 'Technician', 'Unnerve', 'Fur Coat', 'Technician', 'Rattled']",65,60,60,115,75,65,5120,50.0,0,"['normal', 'dark']"
Psyduck,1,0.8,19.6,"['Damp', 'Cloud Nine', 'Swift Swim']",50,52,48,55,65,50,5120,50.0,0,"['water', '-1']"
Golduck,1,1.7,76.6,"['Damp', 'Cloud Nine', 'Swift Swim']",80,82,78,85,95,80,5120,50.0,0,"['water', '-1']"
Mankey,1,0.5,28.0,"['Vital Spirit', 'Anger Point', 'Defiant']",40,80,35,70,35,45,5120,50.0,0,"['fighting', '-1']"
Primeape,1,1.0,32.0,"['Vital Spirit', 'Anger Point', 'Defiant']",65,105,60,95,60,70,5120,50.0,0,"['fighting', '-1']"
Growlithe,1,0.7,19.0,"['Intimidate', 'Flash Fire', 'Justified']",55,70,45,60,70,50,5120,75.4,0,"['fire', '-1']"
Arcanine,1,1.9,155.0,"['Intimidate', 'Flash Fire', 'Justified']",90,110,80,95,100,80,5120,75.4,0,"['fire', '-1']"
Poliwag,1,0.6,12.4,"['Water Absorb', 'Damp', 'Swift Swim']",40,50,40,90,40,40,5120,50.0,0,"['water', '-1']"
Poliwhirl,1,1.0,20.0,"['Water Absorb', 'Damp', 'Swift Swim']",65,65,65,90,50,50,5120,50.0,0,"['water', '-1']"
Poliwrath,1,1.3,54.0,"['Water Absorb', 'Damp', 'Swift Swim']",90,95,95,70,70,90,5120,50.0,0,"['water', 'fighting']"
Abra,1,0.9,19.5,"['Synchronize', 'Inner Focus', 'Magic Guard']",25,20,15,90,105,55,5120,75.4,0,"['psychic', '-1']"
Kadabra,1,1.3,56.5,"['Synchronize', 'Inner Focus', 'Magic Guard']",40,35,30,105,120,70,5120,75.4,0,"['psychic', '-1']"
Alakazam,1,1.5,48.0,"['Synchronize', 'Inner Focus', 'Magic Guard']",55,50,65,150,175,105,5120,75.4,0,"['psychic', '-1']"
Machop,1,0.8,19.5,"['Guts', 'No Guard', 'Steadfast']",70,80,50,35,35,35,5120,75.4,0,"['fighting', '-1']"
Machoke,1,1.5,70.5,"['Guts', 'No Guard', 'Steadfast']",80,100,70,45,50,60,5120,75.4,0,"['fighting', '-1']"
Machamp,1,1.6,130.0,"['Guts', 'No Guard', 'Steadfast']",90,130,80,55,65,85,5120,75.4,0,"['fighting', '-1']"
Bellsprout,1,0.7,4.0,"['Chlorophyll', 'Gluttony']",50,75,35,40,70,30,5120,50.0,0,"['grass', 'poison']"
Weepinbell,1,1.0,6.4,"['Chlorophyll', 'Gluttony']",65,90,50,55,85,45,5120,50.0,0,"['grass', 'poison']"
Victreebel,1,1.7,15.5,"['Chlorophyll', 'Gluttony']",80,105,65,70,100,70,5120,50.0,0,"['grass', 'poison']"
Tentacool,1,0.9,45.5,"['Clear Body', 'Liquid Ooze', 'Rain Dish']",40,40,35,70,50,100,5120,50.0,0,"['water', 'poison']"
Tentacruel,1,1.6,55.0,"['Clear Body', 'Liquid Ooze', 'Rain Dish']",80,70,65,100,80,120,5120,50.0,0,"['water', 'poison']"
Geodude,1,-1.0,-1.0,"['Rock Head', 'Sturdy', 'Sand Veil', 'Magnet Pull', 'Sturdy', 'Galvanize']",40,80,100,20,30,30,3840,50.0,0,"['rock', 'ground']"
Graveler,1,-1.0,-1.0,"['Rock Head', 'Sturdy', 'Sand Veil', 'Magnet Pull', 'Sturdy', 'Galvanize']",55,95,115,35,45,45,3840,50.0,0,"['rock', 'ground']"
Golem,1,-1.0,-1.0,"['Rock Head', 'Sturdy', 'Sand Veil', 'Magnet Pull', 'Sturdy', 'Galvanize']",80,120,130,45,55,65,3840,50.0,0,"['rock', 'ground']"
Ponyta,1,1.0,30.0,"['Run Away', 'Flash Fire', 'Flame Body']",50,85,55,90,65,65,5120,50.0,0,"['fire', '-1']"
Rapidash,1,1.7,95.0,"['Run Away', 'Flash Fire', 'Flame Body']",65,100,70,105,80,80,5120,50.0,0,"['fire', '-1']"
Slowpoke,1,1.2,36.0,"['Oblivious', 'Own Tempo', 'Regenerator']",90,65,65,15,40,40,5120,50.0,0,"['water', 'psychic']"
Slowbro,1,1.6,78.5,"['Oblivious', 'Own Tempo', 'Regenerator']",95,75,180,30,130,80,5120,50.0,0,"['water', 'psychic']"
Magnemite,1,0.3,6.0,"['Magnet Pull', 'Sturdy', 'Analytic']",25,35,70,45,95,55,5120,-1.0,0,"['electric', 'steel']"
Magneton,1,1.0,60.0,"['Magnet Pull', 'Sturdy', 'Analytic']",50,60,95,70,120,70,5120,-1.0,0,"['electric', 'steel']"
Farfetch'd,1,0.8,15.0,"['Keen Eye', 'Inner Focus', 'Defiant']",52,90,55,60,58,62,5120,50.0,0,"['normal', 'flying']"
Doduo,1,1.4,39.2,"['Run Away', 'Early Bird', 'Tangled Feet']",35,85,45,75,35,35,5120,50.0,0,"['normal', 'flying']"
Dodrio,1,1.8,85.2,"['Run Away', 'Early Bird', 'Tangled Feet']",60,110,70,110,60,60,5120,50.0,0,"['normal', 'flying']"
Seel,1,1.1,90.0,"['Thick Fat', 'Hydration', 'Ice Body']",65,45,55,45,45,70,5120,50.0,0,"['water', '-1']"
Dewgong,1,1.7,120.0,"['Thick Fat', 'Hydration', 'Ice Body']",90,70,80,70,70,95,5120,50.0,0,"['water', 'ice']"
Grimer,1,-1.0,-1.0,"['Stench', 'Sticky Hold', 'Poison Touch', 'Poison Touch', 'Gluttony', 'Power of Alchemy']",80,80,50,25,40,50,5120,50.0,0,"['poison', 'poison']"
Muk,1,-1.0,-1.0,"['Stench', 'Sticky Hold', 'Poison Touch', 'Poison Touch', 'Gluttony', 'Power of Alchemy']",105,105,75,50,65,100,5120,50.0,0,"['poison', 'poison']"
Shellder,1,0.3,4.0,"['Shell Armor', 'Skill Link', 'Overcoat']",30,65,100,40,45,25,5120,50.0,0,"['water', '-1']"
Cloyster,1,1.5,132.5,"['Shell Armor', 'Skill Link', 'Overcoat']",50,95,180,70,85,45,5120,50.0,0,"['water', 'ice']"
Gastly,1,1.3,0.1,['Levitate'],30,35,30,80,100,35,5120,50.0,0,"['ghost', 'poison']"
Haunter,1,1.6,0.1,['Levitate'],45,50,45,95,115,55,5120,50.0,0,"['ghost', 'poison']"
Gengar,1,1.5,40.5,['Cursed Body'],60,65,80,130,170,95,5120,50.0,0,"['ghost', 'poison']"
Onix,1,8.8,210.0,"['Rock Head', 'Sturdy', 'Weak Armor']",35,45,160,70,30,45,6400,50.0,0,"['rock', 'ground']"
Drowzee,1,1.0,32.4,"['Insomnia', 'Forewarn', 'Inner Focus']",60,48,45,42,43,90,5120,50.0,0,"['psychic', '-1']"
Hypno,1,1.6,75.6,"['Insomnia', 'Forewarn', 'Inner Focus']",85,73,70,67,73,115,5120,50.0,0,"['psychic', '-1']"
Krabby,1,0.4,6.5,"['Hyper Cutter', 'Shell Armor', 'Sheer Force']",30,105,90,50,25,25,5120,50.0,0,"['water', '-1']"
Kingler,1,1.3,60.0,"['Hyper Cutter', 'Shell Armor', 'Sheer Force']",55,130,115,75,50,50,5120,50.0,0,"['water', '-1']"
Voltorb,1,0.5,10.4,"['Soundproof', 'Static', 'Aftermath']",40,30,50,100,55,55,5120,-1.0,0,"['electric', '-1']"
Electrode,1,1.2,66.6,"['Soundproof', 'Static', 'Aftermath']",60,50,70,150,80,80,5120,-1.0,0,"['electric', '-1']"
Exeggcute,1,0.4,2.5,"['Chlorophyll', 'Harvest']",60,40,80,40,60,45,5120,50.0,0,"['grass', 'psychic']"
Exeggutor,1,-1.0,-1.0,"['Chlorophyll', 'Harvest', 'Frisk', 'Harvest']",95,105,85,45,125,75,5120,50.0,0,"['grass', 'psychic']"
Cubone,1,0.4,6.5,"['Rock Head', 'Lightningrod', 'Battle Armor']",50,50,95,35,40,50,5120,50.0,0,"['ground', '-1']"
Marowak,1,-1.0,-1.0,"['Rock Head', 'Lightningrod', 'Battle Armor', 'Cursed Body', 'Lightningrod', 'Rock Head']",60,80,110,45,50,80,5120,50.0,0,"['ground', 'fire']"
Hitmonlee,1,1.5,49.8,"['Limber', 'Reckless', 'Unburden']",50,120,53,87,35,110,6400,100.0,0,"['fighting', '-1']"
Hitmonchan,1,1.4,50.2,"['Keen Eye', 'Iron Fist', 'Inner Focus']",50,105,79,76,35,110,6400,100.0,0,"['fighting', '-1']"
Lickitung,1,1.2,65.5,"['Own Tempo', 'Oblivious', 'Cloud Nine']",90,55,75,30,60,75,5120,50.0,0,"['normal', '-1']"
Koffing,1,0.6,1.0,['Levitate'],40,65,95,35,60,45,5120,50.0,0,"['poison', '-1']"
Weezing,1,1.2,9.5,['Levitate'],65,90,120,60,85,70,5120,50.0,0,"['poison', '-1']"
Rhyhorn,1,1.0,115.0,"['Lightningrod', 'Rock Head', 'Reckless']",80,85,95,25,30,30,5120,50.0,0,"['ground', 'rock']"
Rhydon,1,1.9,120.0,"['Lightningrod', 'Rock Head', 'Reckless']",105,130,120,40,45,45,5120,50.0,0,"['ground', 'rock']"
Chansey,1,1.1,34.6,"['Natural Cure', 'Serene Grace', 'Healer']",250,5,5,50,35,105,10240,0.0,0,"['normal', '-1']"
Tangela,1,1.0,35.0,"['Chlorophyll', 'Leaf Guard', 'Regenerator']",65,55,115,60,100,40,5120,50.0,0,"['grass', '-1']"
Kangaskhan,1,2.2,80.0,"['Early Bird', 'Scrappy', 'Inner Focus']",105,125,100,100,60,100,5120,0.0,0,"['normal', '-1']"
Horsea,1,0.4,8.0,"['Swift Swim', 'Sniper', 'Damp']",30,40,70,60,70,25,5120,50.0,0,"['water', '-1']"
Seadra,1,1.2,25.0,"['Poison Point', 'Sniper', 'Damp']",55,65,95,85,95,45,5120,50.0,0,"['water', '-1']"
Goldeen,1,0.6,15.0,"['Swift Swim', 'Water Veil', 'Lightningrod']",45,67,60,63,35,50,5120,50.0,0,"['water', '-1']"
Seaking,1,1.3,39.0,"['Swift Swim', 'Water Veil', 'Lightningrod']",80,92,65,68,65,80,5120,50.0,0,"['water', '-1']"
Staryu,1,0.8,34.5,"['Illuminate', 'Natural Cure', 'Analytic']",30,45,55,85,70,55,5120,-1.0,0,"['water', '-1']"
Starmie,1,1.1,80.0,"['Illuminate', 'Natural Cure', 'Analytic']",60,75,85,115,100,85,5120,-1.0,0,"['water', 'psychic']"
Mr. Mime,1,1.3,54.5,"['Soundproof', 'Filter', 'Technician']",40,45,65,90,100,120,6400,50.0,0,"['psychic', 'fairy']"
Scyther,1,1.5,56.0,"['Swarm', 'Technician', 'Steadfast']",70,110,80,105,55,80,6400,50.0,0,"['bug', 'flying']"
Jynx,1,1.4,40.6,"['Oblivious', 'Forewarn', 'Dry Skin']",65,50,35,95,115,95,6400,0.0,0,"['ice', 'psychic']"
Electabuzz,1,1.1,30.0,"['Static', 'Vital Spirit']",65,83,57,105,95,85,6400,75.4,0,"['electric', '-1']"
Magmar,1,1.3,44.5,"['Flame Body', 'Vital Spirit']",65,95,57,93,100,85,6400,75.4,0,"['fire', '-1']"
Pinsir,1,1.5,55.0,"['Hyper Cutter', 'Mold Breaker', 'Moxie']",65,155,120,105,65,90,6400,50.0,0,"['bug', '-1']"
Tauros,1,1.4,88.4,"['Intimidate', 'Anger Point', 'Sheer Force']",75,100,95,110,40,70,5120,100.0,0,"['normal', '-1']"
Magikarp,1,0.9,10.0,"['Swift Swim', 'Rattled']",20,10,55,80,15,20,1280,50.0,0,"['water', '-1']"
Gyarados,1,6.5,235.0,"['Intimidate', 'Moxie']",95,155,109,81,70,130,1280,50.0,0,"['water', 'flying']"
Lapras,1,2.5,220.0,"['Water Absorb', 'Shell Armor', 'Hydration']",130,85,80,60,85,95,10240,50.0,0,"['water', 'ice']"
Ditto,1,0.3,4.0,"['Limber', 'Imposter']",48,48,48,48,48,48,5120,-1.0,0,"['normal', '-1']"
Eevee,1,0.3,6.5,"['Run Away', 'Adaptability', 'Anticipation']",55,55,50,55,45,65,8960,88.1,0,"['normal', '-1']"
Vaporeon,1,1.0,29.0,"['Water Absorb', 'Hydration']",130,65,60,65,110,95,8960,88.1,0,"['water', '-1']"
Jolteon,1,0.8,24.5,"['Volt Absorb', 'Quick Feet']",65,65,60,130,110,95,8960,88.1,0,"['electric', '-1']"
Flareon,1,0.9,25.0,"['Flash Fire', 'Guts']",65,130,60,65,95,110,8960,88.1,0,"['fire', '-1']"
Porygon,1,0.8,36.5,"['Trace', 'Download', 'Analytic']",65,60,70,40,85,75,5120,-1.0,0,"['normal', '-1']"
Omanyte,1,0.4,7.5,"['Swift Swim', 'Shell Armor', 'Weak Armor']",35,40,100,35,90,55,7680,88.1,0,"['rock', 'water']"
Omastar,1,1.0,35.0,"['Swift Swim', 'Shell Armor', 'Weak Armor']",70,60,125,55,115,70,7680,88.1,0,"['rock', 'water']"
Kabuto,1,0.5,11.5,"['Swift Swim', 'Battle Armor', 'Weak Armor']",30,80,90,55,55,45,7680,88.1,0,"['rock', 'water']"
Kabutops,1,1.3,40.5,"['Swift Swim', 'Battle Armor', 'Weak Armor']",60,115,105,80,65,70,7680,88.1,0,"['rock', 'water']"
Aerodactyl,1,1.8,59.0,"['Rock Head', 'Pressure', 'Unnerve']",80,135,85,150,70,95,8960,88.1,0,"['rock', 'flying']"
Snorlax,1,2.1,460.0,"['Immunity', 'Thick Fat', 'Gluttony']",160,110,65,30,65,110,10240,88.1,0,"['normal', '-1']"
Articuno,1,1.7,55.4,"['Pressure', 'Snow Cloak']",90,85,100,85,95,125,20480,-1.0,1,"['ice', 'flying']"
Zapdos,1,1.6,52.6,"['Pressure', 'Static']",90,90,85,100,125,90,20480,-1.0,1,"['electric', 'flying']"
Moltres,1,2.0,60.0,"['Pressure', 'Flame Body']",90,100,90,90,125,85,20480,-1.0,1,"['fire', 'flying']"
Dratini,1,1.8,3.3,"['Shed Skin', 'Marvel Scale']",41,64,45,50,50,50,10240,50.0,0,"['dragon', '-1']"
Dragonair,1,4.0,16.5,"['Shed Skin', 'Marvel Scale']",61,84,65,70,70,70,10240,50.0,0,"['dragon', '-1']"
Dragonite,1,2.2,210.0,"['Inner Focus', 'Multiscale']",91,134,95,80,100,100,10240,50.0,0,"['dragon', 'flying']"
Mewtwo,1,2.0,122.0,"['Pressure', 'Unnerve']",106,150,70,140,194,120,30720,-1.0,1,"['psychic', '-1']"
Mew,1,0.4,4.0,['Synchronize'],100,100,100,100,100,100,30720,-1.0,1,"['psychic', '-1']"
Chikorita,2,0.9,6.4,"['Overgrow', 'Leaf Guard']",45,49,65,45,49,65,5120,88.1,0,"['grass', '-1']"
Bayleef,2,1.2,15.8,"['Overgrow', 'Leaf Guard']",60,62,80,60,63,80,5120,88.1,0,"['grass', '-1']"
Meganium,2,1.8,100.5,"['Overgrow', 'Leaf Guard']",80,82,100,80,83,100,5120,88.1,0,"['grass', '-1']"
Cyndaquil,2,0.5,7.9,"['Blaze', 'Flash Fire']",39,52,43,65,60,50,5120,88.1,0,"['fire', '-1']"
Quilava,2,0.9,19.0,"['Blaze', 'Flash Fire']",58,64,58,80,80,65,5120,88.1,0,"['fire', '-1']"
Typhlosion,2,1.7,79.5,"['Blaze', 'Flash Fire']",78,84,78,100,109,85,5120,88.1,0,"['fire', '-1']"
Totodile,2,0.6,9.5,"['Torrent', 'Sheer Force']",50,65,64,43,44,48,5120,88.1,0,"['water', '-1']"
Croconaw,2,1.1,25.0,"['Torrent', 'Sheer Force']",65,80,80,58,59,63,5120,88.1,0,"['water', '-1']"
Feraligatr,2,2.3,88.8,"['Torrent', 'Sheer Force']",85,105,100,78,79,83,5120,88.1,0,"['water', '-1']"
Sentret,2,0.8,6.0,"['Run Away', 'Keen Eye', 'Frisk']",35,46,34,20,35,45,3840,50.0,0,"['normal', '-1']"
Furret,2,1.8,32.5,"['Run Away', 'Keen Eye', 'Frisk']",85,76,64,90,45,55,3840,50.0,0,"['normal', '-1']"
Hoothoot,2,0.7,21.2,"['Insomnia', 'Keen Eye', 'Tinted Lens']",60,30,30,50,36,56,3840,50.0,0,"['normal', 'flying']"
Noctowl,2,1.6,40.8,"['Insomnia', 'Keen Eye', 'Tinted Lens']",100,50,50,70,86,96,3840,50.0,0,"['normal', 'flying']"
Ledyba,2,1.0,10.8,"['Swarm', 'Early Bird', 'Rattled']",40,20,30,55,40,80,3840,50.0,0,"['bug', 'flying']"
Ledian,2,1.4,35.6,"['Swarm', 'Early Bird', 'Iron Fist']",55,35,50,85,55,110,3840,50.0,0,"['bug', 'flying']"
Spinarak,2,0.5,8.5,"['Swarm', 'Insomnia', 'Sniper']",40,60,40,30,40,40,3840,50.0,0,"['bug', 'poison']"
Ariados,2,1.1,33.5,"['Swarm', 'Insomnia', 'Sniper']",70,90,70,40,60,70,3840,50.0,0,"['bug', 'poison']"
Crobat,2,1.8,75.0,"['Inner Focus', 'Infiltrator']",85,90,80,130,70,80,3840,50.0,0,"['poison', 'flying']"
Chinchou,2,0.5,12.0,"['Volt Absorb', 'Illuminate', 'Water Absorb']",75,38,38,67,56,56,5120,50.0,0,"['water', 'electric']"
Lanturn,2,1.2,22.5,"['Volt Absorb', 'Illuminate', 'Water Absorb']",125,58,58,67,76,76,5120,50.0,0,"['water', 'electric']"
Pichu,2,0.3,2.0,"['Static', 'Lightningrod']",20,40,15,60,35,35,2560,50.0,0,"['electric', '-1']"
Cleffa,2,0.3,3.0,"['Cute Charm', 'Magic Guard', 'Friend Guard']",50,25,28,15,45,55,2560,24.6,0,"['fairy', '-1']"
Igglybuff,2,0.3,1.0,"['Cute Charm', 'Competitive', 'Friend Guard']",90,30,15,15,40,20,2560,24.6,0,"['normal', 'fairy']"
Togepi,2,0.3,1.5,"['Hustle', 'Serene Grace', 'Super Luck']",35,20,65,20,40,65,2560,88.1,0,"['fairy', '-1']"
Togetic,2,0.6,3.2,"['Hustle', 'Serene Grace', 'Super Luck']",55,40,85,40,80,105,2560,88.1,0,"['fairy', 'flying']"
Natu,2,0.2,2.0,"['Synchronize', 'Early Bird', 'Magic Bounce']",40,50,45,70,70,45,5120,50.0,0,"['psychic', 'flying']"
Xatu,2,1.5,15.0,"['Synchronize', 'Early Bird', 'Magic Bounce']",65,75,70,95,95,70,5120,50.0,0,"['psychic', 'flying']"
Mareep,2,0.6,7.8,"['Static', 'Plus']",55,40,40,35,65,45,5120,50.0,0,"['electric', '-1']"
Flaaffy,2,0.8,13.3,"['Static', 'Plus']",70,55,55,45,80,60,5120,50.0,0,"['electric', '-1']"
Ampharos,2,1.4,61.5,"['Static', 'Plus']",90,95,105,45,165,110,5120,50.0,0,"['electric', '-1']"
Bellossom,2,0.4,5.8,"['Chlorophyll', 'Healer']",75,80,95,50,90,100,5120,50.0,0,"['grass', '-1']"
Marill,2,0.4,8.5,"['Thick Fat', 'Huge Power', 'Sap Sipper']",70,20,50,40,20,50,2560,50.0,0,"['water', 'fairy']"
Azumarill,2,0.8,28.5,"['Thick Fat', 'Huge Power', 'Sap Sipper']",100,50,80,50,60,80,2560,50.0,0,"['water', 'fairy']"
Sudowoodo,2,1.2,38.0,"['Sturdy', 'Rock Head', 'Rattled']",70,100,115,30,30,65,5120,50.0,0,"['rock', '-1']"
Politoed,2,1.1,33.9,"['Water Absorb', 'Damp', 'Drizzle']",90,75,75,70,90,100,5120,50.0,0,"['water', '-1']"
Hoppip,2,0.4,0.5,"['Chlorophyll', 'Leaf Guard', 'Infiltrator']",35,35,40,50,35,55,5120,50.0,0,"['grass', 'flying']"
Skiploom,2,0.6,1.0,"['Chlorophyll', 'Leaf Guard', 'Infiltrator']",55,45,50,80,45,65,5120,50.0,0,"['grass', 'flying']"
Jumpluff,2,0.8,3.0,"['Chlorophyll', 'Leaf Guard', 'Infiltrator']",75,55,70,110,55,95,5120,50.0,0,"['grass', 'flying']"
Aipom,2,0.8,11.5,"['Run Away', 'Pickup', 'Skill Link']",55,70,55,85,40,55,5120,50.0,0,"['normal', '-1']"
Sunkern,2,0.3,1.8,"['Chlorophyll', 'Solar Power', 'Early Bird']",30,30,30,30,30,30,5120,50.0,0,"['grass', '-1']"
Sunflora,2,0.8,8.5,"['Chlorophyll', 'Solar Power', 'Early Bird']",75,75,55,30,105,85,5120,50.0,0,"['grass', '-1']"
Yanma,2,1.2,38.0,"['Speed Boost', 'Compoundeyes', 'Frisk']",65,65,45,95,75,45,5120,50.0,0,"['bug', 'flying']"
Wooper,2,0.4,8.5,"['Damp', 'Water Absorb', 'Unaware']",55,45,45,15,25,25,5120,50.0,0,"['water', 'ground']"
Quagsire,2,1.4,75.0,"['Damp', 'Water Absorb', 'Unaware']",95,85,85,35,65,65,5120,50.0,0,"['water', 'ground']"
Espeon,2,0.9,26.5,"['Synchronize', 'Magic Bounce']",65,65,60,110,130,95,8960,88.1,0,"['psychic', '-1']"
Umbreon,2,1.0,27.0,"['Synchronize', 'Inner Focus']",95,65,110,65,60,130,8960,88.1,0,"['dark', '-1']"
Murkrow,2,0.5,2.1,"['Insomnia', 'Super Luck', 'Prankster']",60,85,42,91,85,42,5120,50.0,0,"['dark', 'flying']"
Slowking,2,2.0,79.5,"['Oblivious', 'Own Tempo', 'Regenerator']",95,75,80,30,100,110,5120,50.0,0,"['water', 'psychic']"
Misdreavus,2,0.7,1.0,['Levitate'],60,60,60,85,85,85,6400,50.0,0,"['ghost', '-1']"
Unown,2,0.5,5.0,['Levitate'],48,72,48,48,72,48,10240,-1.0,0,"['psychic', '-1']"
Wobbuffet,2,1.3,28.5,"['Shadow Tag', 'Telepathy']",190,33,58,33,33,58,5120,50.0,0,"['psychic', '-1']"
Girafarig,2,1.5,41.5,"['Inner Focus', 'Early Bird', 'Sap Sipper']",70,80,65,85,90,65,5120,50.0,0,"['normal', 'psychic']"
Pineco,2,0.6,7.2,"['Sturdy', 'Overcoat']",50,65,90,15,35,35,5120,50.0,0,"['bug', '-1']"
Forretress,2,1.2,125.8,"['Sturdy', 'Overcoat']",75,90,140,40,60,60,5120,50.0,0,"['bug', 'steel']"
Dunsparce,2,1.5,14.0,"['Serene Grace', 'Run Away', 'Rattled']",100,70,70,45,65,65,5120,50.0,0,"['normal', '-1']"
Gligar,2,1.1,64.8,"['Hyper Cutter', 'Sand Veil', 'Immunity']",65,75,105,85,35,65,5120,50.0,0,"['ground', 'flying']"
Steelix,2,9.2,400.0,"['Rock Head', 'Sturdy', 'Sheer Force']",75,125,230,30,55,95,6400,50.0,0,"['steel', 'ground']"
Snubbull,2,0.6,7.8,"['Intimidate', 'Run Away', 'Rattled']",60,80,50,30,40,40,5120,24.6,0,"['fairy', '-1']"
Granbull,2,1.4,48.7,"['Intimidate', 'Quick Feet', 'Rattled']",90,120,75,45,60,60,5120,24.6,0,"['fairy', '-1']"
Qwilfish,2,0.5,3.9,"['Poison Point', 'Swift Swim', 'Intimidate']",65,95,85,85,55,55,5120,50.0,0,"['water', 'poison']"
Scizor,2,1.8,118.0,"['Swarm', 'Technician', 'Light Metal']",70,150,140,75,65,100,6400,50.0,0,"['bug', 'steel']"
Shuckle,2,0.6,20.5,"['Sturdy', 'Gluttony', 'Contrary']",20,10,230,5,10,230,5120,50.0,0,"['bug', 'rock']"
Heracross,2,1.5,54.0,"['Swarm', 'Guts', 'Moxie']",80,185,115,75,40,105,6400,50.0,0,"['bug', 'fighting']"
Sneasel,2,0.9,28.0,"['Inner Focus', 'Keen Eye', 'Pickpocket']",55,95,55,115,35,75,5120,50.0,0,"['dark', 'ice']"
Teddiursa,2,0.6,8.8,"['Pickup', 'Quick Feet', 'Honey Gather']",60,80,50,40,50,50,5120,50.0,0,"['normal', '-1']"
Ursaring,2,1.8,125.8,"['Guts', 'Quick Feet', 'Unnerve']",90,130,75,55,75,75,5120,50.0,0,"['normal', '-1']"
Slugma,2,0.7,35.0,"['Magma Armor', 'Flame Body', 'Weak Armor']",40,40,40,20,70,40,5120,50.0,0,"['fire', '-1']"
Magcargo,2,0.8,55.0,"['Magma Armor', 'Flame Body', 'Weak Armor']",60,50,120,30,90,80,5120,50.0,0,"['fire', 'rock']"
Swinub,2,0.4,6.5,"['Oblivious', 'Snow Cloak', 'Thick Fat']",50,50,40,50,30,30,5120,50.0,0,"['ice', 'ground']"
Piloswine,2,1.1,55.8,"['Oblivious', 'Snow Cloak', 'Thick Fat']",100,100,80,50,60,60,5120,50.0,0,"['ice', 'ground']"
Corsola,2,0.6,5.0,"['Hustle', 'Natural Cure', 'Regenerator']",65,55,95,35,65,95,5120,24.6,0,"['water', 'rock']"
Remoraid,2,0.6,12.0,"['Hustle', 'Sniper', 'Moody']",35,65,35,65,65,35,5120,50.0,0,"['water', '-1']"
Octillery,2,0.9,28.5,"['Suction Cups', 'Sniper', 'Moody']",75,105,75,45,105,75,5120,50.0,0,"['water', '-1']"
Delibird,2,0.9,16.0,"['Vital Spirit', 'Hustle', 'Insomnia']",45,55,45,75,65,45,5120,50.0,0,"['ice', 'flying']"
Mantine,2,2.1,220.0,"['Swift Swim', 'Water Absorb', 'Water Veil']",85,40,70,70,80,140,6400,50.0,0,"['water', 'flying']"
Skarmory,2,1.7,50.5,"['Keen Eye', 'Sturdy', 'Weak Armor']",65,80,140,70,40,70,6400,50.0,0,"['steel', 'flying']"
Houndour,2,0.6,10.8,"['Early Bird', 'Flash Fire', 'Unnerve']",45,60,30,65,80,50,5120,50.0,0,"['dark', 'fire']"
Houndoom,2,1.4,35.0,"['Early Bird', 'Flash Fire', 'Unnerve']",75,90,90,115,140,90,5120,50.0,0,"['dark', 'fire']"
Kingdra,2,1.8,152.0,"['Swift Swim', 'Sniper', 'Damp']",75,95,95,85,95,95,5120,50.0,0,"['water', 'dragon']"
Phanpy,2,0.5,33.5,"['Pickup', 'Sand Veil']",90,60,60,40,40,40,5120,50.0,0,"['ground', '-1']"
Donphan,2,1.1,120.0,"['Sturdy', 'Sand Veil']",90,120,120,50,60,60,5120,50.0,0,"['ground', '-1']"
Porygon2,2,0.6,32.5,"['Trace', 'Download', 'Analytic']",85,80,90,60,105,95,5120,-1.0,0,"['normal', '-1']"
Stantler,2,1.4,71.2,"['Intimidate', 'Frisk', 'Sap Sipper']",73,95,62,85,85,65,5120,50.0,0,"['normal', '-1']"
Smeargle,2,1.2,58.0,"['Own Tempo', 'Technician', 'Moody']",55,20,35,75,20,45,5120,50.0,0,"['normal', '-1']"
Tyrogue,2,0.7,21.0,"['Guts', 'Steadfast', 'Vital Spirit']",35,35,35,35,35,35,6400,100.0,0,"['fighting', '-1']"
Hitmontop,2,1.4,48.0,"['Intimidate', 'Technician', 'Steadfast']",50,95,95,70,35,110,6400,100.0,0,"['fighting', '-1']"
Smoochum,2,0.4,6.0,"['Oblivious', 'Forewarn', 'Hydration']",45,30,15,65,85,65,6400,0.0,0,"['ice', 'psychic']"
Elekid,2,0.6,23.5,"['Static', 'Vital Spirit']",45,63,37,95,65,55,6400,75.4,0,"['electric', '-1']"
Magby,2,0.7,21.4,"['Flame Body', 'Vital Spirit']",45,75,37,83,70,55,6400,75.4,0,"['fire', '-1']"
Miltank,2,1.2,75.5,"['Thick Fat', 'Scrappy', 'Sap Sipper']",95,80,105,100,40,70,5120,0.0,0,"['normal', '-1']"
Blissey,2,1.5,46.8,"['Natural Cure', 'Serene Grace', 'Healer']",255,10,10,55,75,135,10240,0.0,0,"['normal', '-1']"
Raikou,2,1.9,178.0,"['Pressure', 'Inner Focus']",90,85,75,115,115,100,20480,-1.0,1,"['electric', '-1']"
Entei,2,2.1,198.0,"['Pressure', 'Inner Focus']",115,115,85,100,90,75,20480,-1.0,1,"['fire', '-1']"
Suicune,2,2.0,187.0,"['Pressure', 'Inner Focus']",100,75,115,85,90,115,20480,-1.0,1,"['water', '-1']"
Larvitar,2,0.6,72.0,"['Guts', 'Sand Veil']",50,64,50,41,45,50,10240,50.0,0,"['rock', 'ground']"
Pupitar,2,1.2,152.0,['Shed Skin'],70,84,70,51,65,70,10240,50.0,0,"['rock', 'ground']"
Tyranitar,2,2.0,202.0,"['Sand Stream', 'Unnerve']",100,164,150,71,95,120,10240,50.0,0,"['rock', 'dark']"
Lugia,2,5.2,216.0,"['Pressure', 'Multiscale']",106,90,130,110,90,154,30720,-1.0,1,"['psychic', 'flying']"
Ho-Oh,2,3.8,199.0,"['Pressure', 'Regenerator']",106,130,90,90,110,154,30720,-1.0,1,"['fire', 'flying']"
Celebi,2,0.6,5.0,['Natural Cure'],100,100,100,100,100,100,30720,-1.0,1,"['psychic', 'grass']"
Treecko,3,0.5,5.0,"['Overgrow', 'Unburden']",40,45,35,70,65,55,5120,88.1,0,"['grass', '-1']"
Grovyle,3,0.9,21.6,"['Overgrow', 'Unburden']",50,65,45,95,85,65,5120,88.1,0,"['grass', '-1']"
Sceptile,3,1.7,52.2,"['Overgrow', 'Unburden']",70,110,75,145,145,85,5120,88.1,0,"['grass', '-1']"
Torchic,3,0.4,2.5,"['Blaze', 'Speed Boost']",45,60,40,45,70,50,5120,88.1,0,"['fire', '-1']"
Combusken,3,0.9,19.5,"['Blaze', 'Speed Boost']",60,85,60,55,85,60,5120,88.1,0,"['fire', 'fighting']"
Blaziken,3,1.9,52.0,"['Blaze', 'Speed Boost']",80,160,80,100,130,80,5120,88.1,0,"['fire', 'fighting']"
Mudkip,3,0.4,7.6,"['Torrent', 'Damp']",50,70,50,40,50,50,5120,88.1,0,"['water', '-1']"
Marshtomp,3,0.7,28.0,"['Torrent', 'Damp']",70,85,70,50,60,70,5120,88.1,0,"['water', 'ground']"
Swampert,3,1.5,81.9,"['Torrent', 'Damp']",100,150,110,70,95,110,5120,88.1,0,"['water', 'ground']"
Poochyena,3,0.5,13.6,"['Run Away', 'Quick Feet', 'Rattled']",35,55,35,35,30,30,3840,50.0,0,"['dark', '-1']"
Mightyena,3,1.0,37.0,"['Intimidate', 'Quick Feet', 'Moxie']",70,90,70,70,60,60,3840,50.0,0,"['dark', '-1']"
Zigzagoon,3,0.4,17.5,"['Pickup', 'Gluttony', 'Quick Feet']",38,30,41,60,30,41,3840,50.0,0,"['normal', '-1']"
Linoone,3,0.5,32.5,"['Pickup', 'Gluttony', 'Quick Feet']",78,70,61,100,50,61,3840,50.0,0,"['normal', '-1']"
Wurmple,3,0.3,3.6,"['Shield Dust', 'Run Away']",45,45,35,20,20,30,3840,50.0,0,"['bug', '-1']"
Silcoon,3,0.6,10.0,['Shed Skin'],50,35,55,15,25,25,3840,50.0,0,"['bug', '-1']"
Beautifly,3,1.0,28.4,"['Swarm', 'Rivalry']",60,70,50,65,100,50,3840,50.0,0,"['bug', 'flying']"
Cascoon,3,0.7,11.5,['Shed Skin'],50,35,55,15,25,25,3840,50.0,0,"['bug', '-1']"
Dustox,3,1.2,31.6,"['Shield Dust', 'Compoundeyes']",60,50,70,65,50,90,3840,50.0,0,"['bug', 'poison']"
Lotad,3,0.5,2.6,"['Swift Swim', 'Rain Dish', 'Own Tempo']",40,30,30,30,40,50,3840,50.0,0,"['water', 'grass']"
Lombre,3,1.2,32.5,"['Swift Swim', 'Rain Dish', 'Own Tempo']",60,50,50,50,60,70,3840,50.0,0,"['water', 'grass']"
Ludicolo,3,1.5,55.0,"['Swift Swim', 'Rain Dish', 'Own Tempo']",80,70,70,70,90,100,3840,50.0,0,"['water', 'grass']"
Seedot,3,0.5,4.0,"['Chlorophyll', 'Early Bird', 'Pickpocket']",40,40,50,30,30,30,3840,50.0,0,"['grass', '-1']"
Nuzleaf,3,1.0,28.0,"['Chlorophyll', 'Early Bird', 'Pickpocket']",70,70,40,60,60,40,3840,50.0,0,"['grass', 'dark']"
Shiftry,3,1.3,59.6,"['Chlorophyll', 'Early Bird', 'Pickpocket']",90,100,60,80,90,60,3840,50.0,0,"['grass', 'dark']"
Taillow,3,0.3,2.3,"['Guts', 'Scrappy']",40,55,30,85,30,30,3840,50.0,0,"['normal', 'flying']"
Swellow,3,0.7,19.8,"['Guts', 'Scrappy']",60,85,60,125,75,50,3840,50.0,0,"['normal', 'flying']"
Wingull,3,0.6,9.5,"['Keen Eye', 'Hydration', 'Rain Dish']",40,30,30,85,55,30,5120,50.0,0,"['water', 'flying']"
Pelipper,3,1.2,28.0,"['Keen Eye', 'Drizzle', 'Rain Dish']",60,50,100,65,95,70,5120,50.0,0,"['water', 'flying']"
Ralts,3,0.4,6.6,"['Synchronize', 'Trace', 'Telepathy']",28,25,25,40,45,35,5120,50.0,0,"['psychic', 'fairy']"
Kirlia,3,0.8,20.2,"['Synchronize', 'Trace', 'Telepathy']",38,35,35,50,65,55,5120,50.0,0,"['psychic', 'fairy']"
Gardevoir,3,1.6,48.4,"['Synchronize', 'Trace', 'Telepathy']",68,85,65,100,165,135,5120,50.0,0,"['psychic', 'fairy']"
Surskit,3,0.5,1.7,"['Swift Swim', 'Rain Dish']",40,30,32,65,50,52,3840,50.0,0,"['bug', 'water']"
Masquerain,3,0.8,3.6,"['Intimidate', 'Unnerve']",70,60,62,80,100,82,3840,50.0,0,"['bug', 'flying']"
Shroomish,3,0.4,4.5,"['Effect Spore', 'Poison Heal', 'Quick Feet']",60,40,60,35,40,60,3840,50.0,0,"['grass', '-1']"
Breloom,3,1.2,39.2,"['Effect Spore', 'Poison Heal', 'Technician']",60,130,80,70,60,60,3840,50.0,0,"['grass', 'fighting']"
Slakoth,3,0.8,24.0,['Truant'],60,60,60,30,35,35,3840,50.0,0,"['normal', '-1']"
Vigoroth,3,1.4,46.5,['Vital Spirit'],80,80,80,90,55,55,3840,50.0,0,"['normal', '-1']"
Slaking,3,2.0,130.5,['Truant'],150,160,100,100,95,65,3840,50.0,0,"['normal', '-1']"
Nincada,3,0.5,5.5,"['Compoundeyes', 'Run Away']",31,45,90,40,30,30,3840,50.0,0,"['bug', 'ground']"
Ninjask,3,0.8,12.0,"['Speed Boost', 'Infiltrator']",61,90,45,160,50,50,3840,50.0,0,"['bug', 'flying']"
Shedinja,3,0.8,1.2,['Wonder Guard'],1,90,45,40,30,30,3840,-1.0,0,"['bug', 'ghost']"
Whismur,3,0.6,16.3,"['Soundproof', 'Rattled']",64,51,23,28,51,23,5120,50.0,0,"['normal', '-1']"
Loudred,3,1.0,40.5,"['Soundproof', 'Scrappy']",84,71,43,48,71,43,5120,50.0,0,"['normal', '-1']"
Exploud,3,1.5,84.0,"['Soundproof', 'Scrappy']",104,91,63,68,91,73,5120,50.0,0,"['normal', '-1']"
Makuhita,3,1.0,86.4,"['Thick Fat', 'Guts', 'Sheer Force']",72,60,30,25,20,30,5120,75.4,0,"['fighting', '-1']"
Hariyama,3,2.3,253.8,"['Thick Fat', 'Guts', 'Sheer Force']",144,120,60,50,40,60,5120,75.4,0,"['fighting', '-1']"
Azurill,3,0.2,2.0,"['Thick Fat', 'Huge Power', 'Sap Sipper']",50,20,40,20,20,40,2560,24.6,0,"['normal', 'fairy']"
Nosepass,3,1.0,97.0,"['Sturdy', 'Magnet Pull', 'Sand Force']",30,45,135,30,45,90,5120,50.0,0,"['rock', '-1']"
Skitty,3,0.6,11.0,"['Cute Charm', 'Normalize', 'Wonder Skin ']",50,45,45,50,35,35,3840,24.6,0,"['normal', '-1']"
Delcatty,3,1.1,32.6,"['Cute Charm', 'Normalize', 'Wonder Skin ']",70,65,65,90,55,55,3840,24.6,0,"['normal', '-1']"
Sableye,3,0.5,11.0,"['Keen Eye', 'Stall', 'Prankster']",50,85,125,20,85,115,6400,50.0,0,"['dark', 'ghost']"
Mawile,3,0.6,11.5,"['Hyper Cutter', 'Intimidate', 'Sheer Force']",50,105,125,50,55,95,5120,50.0,0,"['steel', 'fairy']"
Aron,3,0.4,60.0,"['Sturdy', 'Rock Head', 'Heavy Metal']",50,70,100,30,40,40,8960,50.0,0,"['steel', 'rock']"
Lairon,3,0.9,120.0,"['Sturdy', 'Rock Head', 'Heavy Metal']",60,90,140,40,50,50,8960,50.0,0,"['steel', 'rock']"
Aggron,3,2.1,360.0,"['Sturdy', 'Rock Head', 'Heavy Metal']",70,140,230,50,60,80,8960,50.0,0,"['steel', 'rock']"
Meditite,3,0.6,11.2,"['Pure Power', 'Telepathy']",30,40,55,60,40,55,5120,50.0,0,"['fighting', 'psychic']"
Medicham,3,1.3,31.5,"['Pure Power', 'Telepathy']",60,100,85,100,80,85,5120,50.0,0,"['fighting', 'psychic']"
Electrike,3,0.6,15.2,"['Static', 'Lightningrod', 'Minus']",40,45,40,65,65,40,5120,50.0,0,"['electric', '-1']"
Manectric,3,1.5,40.2,"['Static', 'Lightningrod', 'Minus']",70,75,80,135,135,80,5120,50.0,0,"['electric', '-1']"
Plusle,3,0.4,4.2,"['Plus', 'Lightningrod']",60,50,40,95,85,75,5120,50.0,0,"['electric', '-1']"
Minun,3,0.4,4.2,"['Minus', 'Volt Absorb']",60,40,50,95,75,85,5120,50.0,0,"['electric', '-1']"
Volbeat,3,0.7,17.7,"['Illuminate', 'Swarm', 'Prankster']",65,73,75,85,47,85,3840,100.0,0,"['bug', '-1']"
Illumise,3,0.6,17.7,"['Oblivious', 'Tinted Lens', 'Prankster']",65,47,75,85,73,85,3840,0.0,0,"['bug', '-1']"
Roselia,3,0.3,2.0,"['Natural Cure', 'Poison Point', 'Leaf Guard']",50,60,45,65,100,80,5120,50.0,0,"['grass', 'poison']"
Gulpin,3,0.4,10.3,"['Liquid Ooze', 'Sticky Hold', 'Gluttony']",70,43,53,40,43,53,5120,50.0,0,"['poison', '-1']"
Swalot,3,1.7,80.0,"['Liquid Ooze', 'Sticky Hold', 'Gluttony']",100,73,83,55,73,83,5120,50.0,0,"['poison', '-1']"
Carvanha,3,0.8,20.8,"['Rough Skin', 'Speed Boost']",45,90,20,65,65,20,5120,50.0,0,"['water', 'dark']"
Sharpedo,3,1.8,88.8,"['Rough Skin', 'Speed Boost']",70,140,70,105,110,65,5120,50.0,0,"['water', 'dark']"
Wailmer,3,2.0,130.0,"['Water Veil', 'Oblivious', 'Pressure']",130,70,35,60,70,35,10240,50.0,0,"['water', '-1']"
Wailord,3,14.5,398.0,"['Water Veil', 'Oblivious', 'Pressure']",170,90,45,60,90,45,10240,50.0,0,"['water', '-1']"
Numel,3,0.7,24.0,"['Oblivious', 'Simple', 'Own Tempo']",60,60,40,35,65,45,5120,50.0,0,"['fire', 'ground']"
Camerupt,3,1.9,220.0,"['Magma Armor', 'Solid Rock', 'Anger Point']",70,120,100,20,145,105,5120,50.0,0,"['fire', 'ground']"
Torkoal,3,0.5,80.4,"['White Smoke', 'Drought', 'Shell Armor']",70,85,140,20,85,70,5120,50.0,0,"['fire', '-1']"
Spoink,3,0.7,30.6,"['Thick Fat', 'Own Tempo', 'Gluttony']",60,25,35,60,70,80,5120,50.0,0,"['psychic', '-1']"
Grumpig,3,0.9,71.5,"['Thick Fat', 'Own Tempo', 'Gluttony']",80,45,65,80,90,110,5120,50.0,0,"['psychic', '-1']"
Spinda,3,1.1,5.0,"['Own Tempo', 'Tangled Feet', 'Contrary']",60,60,60,60,60,60,3840,50.0,0,"['normal', '-1']"
Trapinch,3,0.7,15.0,"['Hyper Cutter', 'Arena Trap', 'Sheer Force']",45,100,45,10,45,45,5120,50.0,0,"['ground', '-1']"
Vibrava,3,1.1,15.3,['Levitate'],50,70,50,70,50,50,5120,50.0,0,"['ground', 'dragon']"
Flygon,3,2.0,82.0,['Levitate'],80,100,80,100,80,80,5120,50.0,0,"['ground', 'dragon']"
Cacnea,3,0.4,51.3,"['Sand Veil', 'Water Absorb']",50,85,40,35,85,40,5120,50.0,0,"['grass', '-1']"
Cacturne,3,1.3,77.4,"['Sand Veil', 'Water Absorb']",70,115,60,55,115,60,5120,50.0,0,"['grass', 'dark']"
Swablu,3,0.4,1.2,"['Natural Cure', 'Cloud Nine']",45,40,60,50,40,75,5120,50.0,0,"['normal', 'flying']"
Altaria,3,1.1,20.6,"['Natural Cure', 'Cloud Nine']",75,110,110,80,110,105,5120,50.0,0,"['dragon', 'flying']"
Zangoose,3,1.3,40.3,"['Immunity', 'Toxic Boost']",73,115,60,90,60,60,5120,50.0,0,"['normal', '-1']"
Seviper,3,2.7,52.5,"['Shed Skin', 'Infiltrator']",73,100,60,65,100,60,5120,50.0,0,"['poison', '-1']"
Lunatone,3,1.0,168.0,['Levitate'],90,55,65,70,95,85,6400,-1.0,0,"['rock', 'psychic']"
Solrock,3,1.2,154.0,['Levitate'],90,95,85,70,55,65,6400,-1.0,0,"['rock', 'psychic']"
Barboach,3,0.4,1.9,"['Oblivious', 'Anticipation', 'Hydration']",50,48,43,60,46,41,5120,50.0,0,"['water', 'ground']"
Whiscash,3,0.9,23.6,"['Oblivious', 'Anticipation', 'Hydration']",110,78,73,60,76,71,5120,50.0,0,"['water', 'ground']"
Corphish,3,0.6,11.5,"['Hyper Cutter', 'Shell Armor', 'Adaptability']",43,80,65,35,50,35,3840,50.0,0,"['water', '-1']"
Crawdaunt,3,1.1,32.8,"['Hyper Cutter', 'Shell Armor', 'Adaptability']",63,120,85,55,90,55,3840,50.0,0,"['water', 'dark']"
Baltoy,3,0.5,21.5,['Levitate'],40,40,55,55,40,70,5120,-1.0,0,"['ground', 'psychic']"
Claydol,3,1.5,108.0,['Levitate'],60,70,105,75,70,120,5120,-1.0,0,"['ground', 'psychic']"
Lileep,3,1.0,23.8,"['Suction Cups', 'Storm Drain']",66,41,77,23,61,87,7680,88.1,0,"['rock', 'grass']"
Cradily,3,1.5,60.4,"['Suction Cups', 'Storm Drain']",86,81,97,43,81,107,7680,88.1,0,"['rock', 'grass']"
Anorith,3,0.7,12.5,"['Battle Armor', 'Swift Swim']",45,95,50,75,40,50,7680,88.1,0,"['rock', 'bug']"
Armaldo,3,1.5,68.2,"['Battle Armor', 'Swift Swim']",75,125,100,45,70,80,7680,88.1,0,"['rock', 'bug']"
Feebas,3,0.6,7.4,"['Swift Swim', 'Oblivious', 'Adaptability']",20,15,20,80,10,55,5120,50.0,0,"['water', '-1']"
Milotic,3,6.2,162.0,"['Marvel Scale', 'Competitive', 'Cute Charm']",95,60,79,81,100,125,5120,50.0,0,"['water', '-1']"
Castform,3,0.3,0.8,['Forecast'],70,70,70,70,70,70,6400,50.0,0,"['normal', '-1']"
Kecleon,3,1.0,22.0,"['Color Change', 'Protean']",60,90,70,40,60,120,5120,50.0,0,"['normal', '-1']"
Shuppet,3,0.6,2.3,"['Insomnia', 'Frisk', 'Cursed Body']",44,75,35,45,63,33,6400,50.0,0,"['ghost', '-1']"
Banette,3,1.1,12.5,"['Insomnia', 'Frisk', 'Cursed Body']",64,165,75,75,93,83,6400,50.0,0,"['ghost', '-1']"
Duskull,3,0.8,15.0,"['Levitate', 'Frisk']",20,40,90,25,30,90,6400,50.0,0,"['ghost', '-1']"
Dusclops,3,1.6,30.6,"['Pressure', 'Frisk']",40,70,130,25,60,130,6400,50.0,0,"['ghost', '-1']"
Tropius,3,2.0,100.0,"['Chlorophyll', 'Solar Power', 'Harvest']",99,68,83,51,72,87,6400,50.0,0,"['grass', 'flying']"
Chimecho,3,0.6,1.0,['Levitate'],75,50,80,65,95,90,6400,50.0,0,"['psychic', '-1']"
Absol,3,1.2,47.0,"['Pressure', 'Super Luck', 'Justified']",65,150,60,115,115,60,6400,50.0,0,"['dark', '-1']"
Wynaut,3,0.6,14.0,"['Shadow Tag', 'Telepathy']",95,23,48,23,23,48,5120,50.0,0,"['psychic', '-1']"
Snorunt,3,0.7,16.8,"['Inner Focus', 'Ice Body', 'Moody']",50,50,50,50,50,50,5120,50.0,0,"['ice', '-1']"
Glalie,3,1.5,256.5,"['Inner Focus', 'Ice Body', 'Moody']",80,120,80,100,120,80,5120,50.0,0,"['ice', '-1']"
Spheal,3,0.8,39.5,"['Thick Fat', 'Ice Body', 'Oblivious']",70,40,50,25,55,50,5120,50.0,0,"['ice', 'water']"
Sealeo,3,1.1,87.6,"['Thick Fat', 'Ice Body', 'Oblivious']",90,60,70,45,75,70,5120,50.0,0,"['ice', 'water']"
Walrein,3,1.4,150.6,"['Thick Fat', 'Ice Body', 'Oblivious']",110,80,90,65,95,90,5120,50.0,0,"['ice', 'water']"
Clamperl,3,0.4,52.5,"['Shell Armor', 'Rattled']",35,64,85,32,74,55,5120,50.0,0,"['water', '-1']"
Huntail,3,1.7,27.0,"['Swift Swim', 'Water Veil']",55,104,105,52,94,75,5120,50.0,0,"['water', '-1']"
Gorebyss,3,1.8,22.6,"['Swift Swim', 'Hydration']",55,84,105,52,114,75,5120,50.0,0,"['water', '-1']"
Relicanth,3,1.0,23.4,"['Swift Swim', 'Rock Head', 'Sturdy']",100,90,130,55,45,65,10240,88.1,0,"['water', 'rock']"
Luvdisc,3,0.6,8.7,"['Swift Swim', 'Hydration']",43,30,55,97,40,65,5120,24.6,0,"['water', '-1']"
Bagon,3,0.6,42.1,"['Rock Head', 'Sheer Force']",45,75,60,50,40,30,10240,50.0,0,"['dragon', '-1']"
Shelgon,3,1.1,110.5,"['Rock Head', 'Overcoat']",65,95,100,50,60,50,10240,50.0,0,"['dragon', '-1']"
Salamence,3,1.5,102.6,"['Intimidate', 'Moxie']",95,145,130,120,120,90,10240,50.0,0,"['dragon', 'flying']"
Beldum,3,0.6,95.2,"['Clear Body', 'Light Metal']",40,55,80,30,35,60,10240,-1.0,0,"['steel', 'psychic']"
Metang,3,1.2,202.5,"['Clear Body', 'Light Metal']",60,75,100,50,55,80,10240,-1.0,0,"['steel', 'psychic']"
Metagross,3,1.6,550.0,"['Clear Body', 'Light Metal']",80,145,150,110,105,110,10240,-1.0,0,"['steel', 'psychic']"
Regirock,3,1.7,230.0,"['Clear Body', 'Sturdy']",80,100,200,50,50,100,20480,-1.0,1,"['rock', '-1']"
Regice,3,1.8,175.0,"['Clear Body', 'Ice Body']",80,50,100,50,100,200,20480,-1.0,1,"['ice', '-1']"
Registeel,3,1.9,205.0,"['Clear Body', 'Light Metal']",80,75,150,50,75,150,20480,-1.0,1,"['steel', '-1']"
Latias,3,1.4,40.0,['Levitate'],80,100,120,110,140,150,30720,0.0,1,"['dragon', 'psychic']"
Latios,3,2.0,60.0,['Levitate'],80,130,100,110,160,120,30720,100.0,1,"['dragon', 'psychic']"
Kyogre,3,4.5,352.0,['Drizzle'],100,150,90,90,180,160,30720,-1.0,1,"['water', '-1']"
Groudon,3,3.5,950.0,['Drought'],100,180,160,90,150,90,30720,-1.0,1,"['ground', '-1']"
Rayquaza,3,7.0,206.5,['Air Lock'],105,180,100,115,180,100,30720,-1.0,1,"['dragon', 'flying']"
Jirachi,3,0.3,1.1,['Serene Grace'],100,100,100,100,100,100,30720,-1.0,1,"['steel', 'psychic']"
Deoxys,3,1.7,60.8,['Pressure'],50,95,90,180,95,90,30720,-1.0,1,"['psychic', '-1']"
Turtwig,4,0.4,10.2,"['Overgrow', 'Shell Armor']",55,68,64,31,45,55,5120,88.1,0,"['grass', '-1']"
Grotle,4,1.1,97.0,"['Overgrow', 'Shell Armor']",75,89,85,36,55,65,5120,88.1,0,"['grass', '-1']"
Torterra,4,2.2,310.0,"['Overgrow', 'Shell Armor']",95,109,105,56,75,85,5120,88.1,0,"['grass', 'ground']"
Chimchar,4,0.5,6.2,"['Blaze', 'Iron Fist']",44,58,44,61,58,44,5120,88.1,0,"['fire', '-1']"
Monferno,4,0.9,22.0,"['Blaze', 'Iron Fist']",64,78,52,81,78,52,5120,88.1,0,"['fire', 'fighting']"
Infernape,4,1.2,55.0,"['Blaze', 'Iron Fist']",76,104,71,108,104,71,5120,88.1,0,"['fire', 'fighting']"
Piplup,4,0.4,5.2,"['Torrent', 'Defiant']",53,51,53,40,61,56,5120,88.1,0,"['water', '-1']"
Prinplup,4,0.8,23.0,"['Torrent', 'Defiant']",64,66,68,50,81,76,5120,88.1,0,"['water', '-1']"
Empoleon,4,1.7,84.5,"['Torrent', 'Defiant']",84,86,88,60,111,101,5120,88.1,0,"['water', 'steel']"
Starly,4,0.3,2.0,"['Keen Eye', 'Reckless']",40,55,30,60,30,30,3840,50.0,0,"['normal', 'flying']"
Staravia,4,0.6,15.5,"['Intimidate', 'Reckless']",55,75,50,80,40,40,3840,50.0,0,"['normal', 'flying']"
Staraptor,4,1.2,24.9,"['Intimidate', 'Reckless']",85,120,70,100,50,60,3840,50.0,0,"['normal', 'flying']"
Bidoof,4,0.5,20.0,"['Simple', 'Unaware', 'Moody']",59,45,40,31,35,40,3840,50.0,0,"['normal', '-1']"
Bibarel,4,1.0,31.5,"['Simple', 'Unaware', 'Moody']",79,85,60,71,55,60,3840,50.0,0,"['normal', 'water']"
Kricketot,4,0.3,2.2,"['Shed Skin', 'Run Away']",37,25,41,25,25,41,3840,50.0,0,"['bug', '-1']"
Kricketune,4,1.0,25.5,"['Swarm', 'Technician']",77,85,51,65,55,51,3840,50.0,0,"['bug', '-1']"
Shinx,4,0.5,9.5,"['Rivalry', 'Intimidate', 'Guts']",45,65,34,45,40,34,5120,50.0,0,"['electric', '-1']"
Luxio,4,0.9,30.5,"['Rivalry', 'Intimidate', 'Guts']",60,85,49,60,60,49,5120,50.0,0,"['electric', '-1']"
Luxray,4,1.4,42.0,"['Rivalry', 'Intimidate', 'Guts']",80,120,79,70,95,79,5120,50.0,0,"['electric', '-1']"
Budew,4,0.2,1.2,"['Natural Cure', 'Poison Point', 'Leaf Guard']",40,30,35,55,50,70,5120,50.0,0,"['grass', 'poison']"
Roserade,4,0.9,14.5,"['Natural Cure', 'Poison Point', 'Technician']",60,70,65,90,125,105,5120,50.0,0,"['grass', 'poison']"
Cranidos,4,0.9,31.5,"['Mold Breaker', 'Sheer Force']",67,125,40,58,30,30,7680,88.1,0,"['rock', '-1']"
Rampardos,4,1.6,102.5,"['Mold Breaker', 'Sheer Force']",97,165,60,58,65,50,7680,88.1,0,"['rock', '-1']"
Shieldon,4,0.5,57.0,"['Sturdy', 'Soundproof']",30,42,118,30,42,88,7680,88.1,0,"['rock', 'steel']"
Bastiodon,4,1.3,149.5,"['Sturdy', 'Soundproof']",60,52,168,30,47,138,7680,88.1,0,"['rock', 'steel']"
Burmy,4,0.2,3.4,"['Shed Skin', 'Overcoat']",40,29,45,36,29,45,3840,50.0,0,"['bug', '-1']"
Wormadam,4,0.5,6.5,"['Anticipation', 'Overcoat']",60,69,95,36,69,95,3840,0.0,0,"['bug', 'grass']"
Mothim,4,0.9,23.3,"['Swarm', 'Tinted Lens']",70,94,50,66,94,50,3840,100.0,0,"['bug', 'flying']"
Combee,4,0.3,5.5,"['Honey Gather', 'Hustle']",30,30,42,70,30,42,3840,88.1,0,"['bug', 'flying']"
Vespiquen,4,1.2,38.5,"['Pressure', 'Unnerve']",70,80,102,40,80,102,3840,0.0,0,"['bug', 'flying']"
Pachirisu,4,0.4,3.9,"['Run Away', 'Pickup', 'Volt Absorb']",60,45,70,95,45,90,2560,50.0,0,"['electric', '-1']"
Buizel,4,0.7,29.5,"['Swift Swim', 'Water Veil']",55,65,35,85,60,30,5120,50.0,0,"['water', '-1']"
Floatzel,4,1.1,33.5,"['Swift Swim', 'Water Veil']",85,105,55,115,85,50,5120,50.0,0,"['water', '-1']"
Cherubi,4,0.4,3.3,['Chlorophyll'],45,35,45,35,62,53,5120,50.0,0,"['grass', '-1']"
Cherrim,4,0.5,9.3,['Flower Gift'],70,60,70,85,87,78,5120,50.0,0,"['grass', '-1']"
Shellos,4,0.3,6.3,"['Sticky Hold', 'Storm Drain', 'Sand Force']",76,48,48,34,57,62,5120,50.0,0,"['water', '-1']"
Gastrodon,4,0.9,29.9,"['Sticky Hold', 'Storm Drain', 'Sand Force']",111,83,68,39,92,82,5120,50.0,0,"['water', 'ground']"
Ambipom,4,1.2,20.3,"['Technician', 'Pickup', 'Skill Link']",75,100,66,115,60,66,5120,50.0,0,"['normal', '-1']"
Drifloon,4,0.4,1.2,"['Aftermath', 'Unburden', 'Flare Boost']",90,50,34,70,60,44,7680,50.0,0,"['ghost', 'flying']"
Drifblim,4,1.2,15.0,"['Aftermath', 'Unburden', 'Flare Boost']",150,80,44,80,90,54,7680,50.0,0,"['ghost', 'flying']"
Buneary,4,0.4,5.5,"['Run Away', 'Klutz', 'Limber']",55,66,44,85,44,56,5120,50.0,0,"['normal', '-1']"
Lopunny,4,1.2,33.3,"['Cute Charm', 'Klutz', 'Limber']",65,136,94,135,54,96,5120,50.0,0,"['normal', '-1']"
Mismagius,4,0.9,4.4,['Levitate'],60,60,60,105,105,105,6400,50.0,0,"['ghost', '-1']"
Honchkrow,4,0.9,27.3,"['Insomnia', 'Super Luck', 'Moxie']",100,125,52,71,105,52,5120,50.0,0,"['dark', 'flying']"
Glameow,4,0.5,3.9,"['Limber', 'Own Tempo', 'Keen Eye']",49,55,42,85,42,37,5120,24.6,0,"['normal', '-1']"
Purugly,4,1.0,43.8,"['Thick Fat', 'Own Tempo', 'Defiant']",71,82,64,112,64,59,5120,24.6,0,"['normal', '-1']"
Chingling,4,0.2,0.6,['Levitate'],45,30,50,45,65,50,6400,50.0,0,"['psychic', '-1']"
Stunky,4,0.4,19.2,"['Stench', 'Aftermath', 'Keen Eye']",63,63,47,74,41,41,5120,50.0,0,"['poison', 'dark']"
Skuntank,4,1.0,38.0,"['Stench', 'Aftermath', 'Keen Eye']",103,93,67,84,71,61,5120,50.0,0,"['poison', 'dark']"
Bronzor,4,0.5,60.5,"['Levitate', 'Heatproof', 'Heavy Metal']",57,24,86,23,24,86,5120,-1.0,0,"['steel', 'psychic']"
Bronzong,4,1.3,187.0,"['Levitate', 'Heatproof', 'Heavy Metal']",67,89,116,33,79,116,5120,-1.0,0,"['steel', 'psychic']"
Bonsly,4,0.5,15.0,"['Sturdy', 'Rock Head', 'Rattled']",50,80,95,10,10,45,5120,50.0,0,"['rock', '-1']"
Mime Jr.,4,0.6,13.0,"['Soundproof', 'Filter', 'Technician']",20,25,45,60,70,90,6400,50.0,0,"['psychic', 'fairy']"
Happiny,4,0.6,24.4,"['Natural Cure', 'Serene Grace', 'Friend Guard']",100,5,5,30,15,65,10240,0.0,0,"['normal', '-1']"
Chatot,4,0.5,1.9,"['Keen Eye', 'Tangled Feet', 'Big Pecks']",76,65,45,91,92,42,5120,50.0,0,"['normal', 'flying']"
Spiritomb,4,1.0,108.0,"['Pressure', 'Infiltrator']",50,92,108,35,92,108,7680,50.0,0,"['ghost', 'dark']"
Gible,4,0.7,20.5,"['Sand Veil', 'Rough Skin']",58,70,45,42,40,45,10240,50.0,0,"['dragon', 'ground']"
Gabite,4,1.4,56.0,"['Sand Veil', 'Rough Skin']",68,90,65,82,50,55,10240,50.0,0,"['dragon', 'ground']"
Garchomp,4,1.9,95.0,"['Sand Veil', 'Rough Skin']",108,170,115,92,120,95,10240,50.0,0,"['dragon', 'ground']"
Munchlax,4,0.6,105.0,"['Pickup', 'Thick Fat', 'Gluttony']",135,85,40,5,40,85,10240,88.1,0,"['normal', '-1']"
Riolu,4,0.7,20.2,"['Steadfast', 'Inner Focus', 'Prankster']",40,70,40,60,35,40,6400,88.1,0,"['fighting', '-1']"
Lucario,4,1.2,54.0,"['Steadfast', 'Inner Focus', 'Justified']",70,145,88,112,140,70,6400,88.1,0,"['fighting', 'steel']"
Hippopotas,4,0.8,49.5,"['Sand Stream', 'Sand Force']",68,72,78,32,38,42,7680,50.0,0,"['ground', '-1']"
Hippowdon,4,2.0,300.0,"['Sand Stream', 'Sand Force']",108,112,118,47,68,72,7680,50.0,0,"['ground', '-1']"
Skorupi,4,0.8,12.0,"['Battle Armor', 'Sniper', 'Keen Eye']",40,50,90,65,30,55,5120,50.0,0,"['poison', 'bug']"
Drapion,4,1.3,61.5,"['Battle Armor', 'Sniper', 'Keen Eye']",70,90,110,95,60,75,5120,50.0,0,"['poison', 'dark']"
Croagunk,4,0.7,23.0,"['Anticipation', 'Dry Skin', 'Poison Touch']",48,61,40,50,61,40,2560,50.0,0,"['poison', 'fighting']"
Toxicroak,4,1.3,44.4,"['Anticipation', 'Dry Skin', 'Poison Touch']",83,106,65,85,86,65,5120,50.0,0,"['poison', 'fighting']"
Carnivine,4,1.4,27.0,['Levitate'],74,100,72,46,90,72,6400,50.0,0,"['grass', '-1']"
Finneon,4,0.4,7.0,"['Swift Swim', 'Storm Drain', 'Water Veil']",49,49,56,66,49,61,5120,50.0,0,"['water', '-1']"
Lumineon,4,1.2,24.0,"['Swift Swim', 'Storm Drain', 'Water Veil']",69,69,76,91,69,86,5120,50.0,0,"['water', '-1']"
Mantyke,4,1.0,65.0,"['Swift Swim', 'Water Absorb', 'Water Veil']",45,20,50,50,60,120,6400,50.0,0,"['water', 'flying']"
Snover,4,1.0,50.5,"['Snow Warning', 'Soundproof']",60,62,50,40,62,60,5120,50.0,0,"['grass', 'ice']"
Abomasnow,4,2.2,135.5,"['Snow Warning', 'Soundproof']",90,132,105,30,132,105,5120,50.0,0,"['grass', 'ice']"
Weavile,4,1.1,34.0,"['Pressure', 'Pickpocket']",70,120,65,125,45,85,5120,50.0,0,"['dark', 'ice']"
Magnezone,4,1.2,180.0,"['Magnet Pull', 'Sturdy', 'Analytic']",70,70,115,60,130,90,5120,-1.0,0,"['electric', 'steel']"
Lickilicky,4,1.7,140.0,"['Own Tempo', 'Oblivious', 'Cloud Nine']",110,85,95,50,80,95,5120,50.0,0,"['normal', '-1']"
Rhyperior,4,2.4,282.8,"['Lightningrod', 'Solid Rock', 'Reckless']",115,140,130,40,55,55,5120,50.0,0,"['ground', 'rock']"
Tangrowth,4,2.0,128.6,"['Chlorophyll', 'Leaf Guard', 'Regenerator']",100,100,125,50,110,50,5120,50.0,0,"['grass', '-1']"
Electivire,4,1.8,138.6,"['Motor Drive', 'Vital Spirit']",75,123,67,95,95,85,6400,75.4,0,"['electric', '-1']"
Magmortar,4,1.6,68.0,"['Flame Body', 'Vital Spirit']",75,95,67,83,125,95,6400,75.4,0,"['fire', '-1']"
Togekiss,4,1.5,38.0,"['Hustle', 'Serene Grace', 'Super Luck']",85,50,95,80,120,115,2560,88.1,0,"['fairy', 'flying']"
Yanmega,4,1.9,51.5,"['Speed Boost', 'Tinted Lens', 'Frisk']",86,76,86,95,116,56,5120,50.0,0,"['bug', 'flying']"
Leafeon,4,1.0,25.5,"['Leaf Guard', 'Chlorophyll']",65,110,130,95,60,65,8960,88.1,0,"['grass', '-1']"
Glaceon,4,0.8,25.9,"['Snow Cloak', 'Ice Body']",65,60,110,65,130,95,8960,88.1,0,"['ice', '-1']"
Gliscor,4,2.0,42.5,"['Hyper Cutter', 'Sand Veil', 'Poison Heal']",75,95,125,95,45,75,5120,50.0,0,"['ground', 'flying']"
Mamoswine,4,2.5,291.0,"['Oblivious', 'Snow Cloak', 'Thick Fat']",110,130,80,80,70,60,5120,50.0,0,"['ice', 'ground']"
Porygon-Z,4,0.9,34.0,"['Adaptability', 'Download', 'Analytic']",85,80,70,90,135,75,5120,-1.0,0,"['normal', '-1']"
Gallade,4,1.6,52.0,"['Steadfast', 'Justified']",68,165,95,110,65,115,5120,100.0,0,"['psychic', 'fighting']"
Probopass,4,1.4,340.0,"['Sturdy', 'Magnet Pull', 'Sand Force']",60,55,145,40,75,150,5120,50.0,0,"['rock', 'steel']"
Dusknoir,4,2.2,106.6,"['Pressure', 'Frisk']",45,100,135,45,65,135,6400,50.0,0,"['ghost', '-1']"
Froslass,4,1.3,26.6,"['Snow Cloak', 'Cursed Body']",70,80,70,110,80,70,5120,0.0,0,"['ice', 'ghost']"
Rotom,4,0.3,0.3,['Levitate'],50,65,107,86,105,107,5120,-1.0,0,"['electric', 'ghost']"
Uxie,4,0.3,0.3,['Levitate'],75,75,130,95,75,130,20480,-1.0,1,"['psychic', '-1']"
Mesprit,4,0.3,0.3,['Levitate'],80,105,105,80,105,105,20480,-1.0,1,"['psychic', '-1']"
Azelf,4,0.3,0.3,['Levitate'],75,125,70,115,125,70,20480,-1.0,1,"['psychic', '-1']"
Dialga,4,5.4,683.0,"['Pressure', 'Telepathy']",100,120,120,90,150,100,30720,-1.0,1,"['steel', 'dragon']"
Palkia,4,4.2,336.0,"['Pressure', 'Telepathy']",90,120,100,100,150,120,30720,-1.0,1,"['water', 'dragon']"
Heatran,4,1.7,430.0,"['Flash Fire', 'Flame Body']",91,90,106,77,130,106,2560,50.0,1,"['fire', 'steel']"
Regigigas,4,3.7,420.0,['Slow Start'],110,160,110,100,80,110,30720,-1.0,1,"['normal', '-1']"
Giratina,4,4.5,750.0,"['Pressure', 'Telepathy', 'Levitate']",150,120,100,90,120,100,30720,-1.0,1,"['ghost', 'dragon']"
Cresselia,4,1.5,85.6,['Levitate'],120,70,120,85,75,130,30720,0.0,1,"['psychic', '-1']"
Phione,4,0.4,3.1,['Hydration'],80,80,80,80,80,80,10240,-1.0,0,"['water', '-1']"
Manaphy,4,0.3,1.4,['Hydration'],100,100,100,100,100,100,2560,-1.0,1,"['water', '-1']"
Darkrai,4,1.5,50.5,['Bad Dreams'],70,90,90,125,135,90,30720,-1.0,1,"['dark', '-1']"
Shaymin,4,0.2,2.1,"['Natural Cure', 'Serene Grace']",100,103,75,127,120,75,30720,-1.0,1,"['grass', 'grass']"
Arceus,4,3.2,320.0,['Multitype'],120,120,120,120,120,120,30720,-1.0,1,"['normal', '-1']"
Victini,5,0.4,4.0,['Victory Star'],100,100,100,100,100,100,30720,-1.0,1,"['psychic', 'fire']"
Snivy,5,0.6,8.1,"['Overgrow', 'Contrary']",45,45,55,63,45,55,5120,88.1,0,"['grass', '-1']"
Servine,5,0.8,16.0,"['Overgrow', 'Contrary']",60,60,75,83,60,75,5120,88.1,0,"['grass', '-1']"
Serperior,5,3.3,63.0,"['Overgrow', 'Contrary']",75,75,95,113,75,95,5120,88.1,0,"['grass', '-1']"
Tepig,5,0.5,9.9,"['Blaze', 'Thick Fat']",65,63,45,45,45,45,5120,88.1,0,"['fire', '-1']"
Pignite,5,1.0,55.5,"['Blaze', 'Thick Fat']",90,93,55,55,70,55,5120,88.1,0,"['fire', 'fighting']"
Emboar,5,1.6,150.0,"['Blaze', 'Reckless']",110,123,65,65,100,65,5120,88.1,0,"['fire', 'fighting']"
Oshawott,5,0.5,5.9,"['Torrent', 'Shell Armor']",55,55,45,45,63,45,5120,88.1,0,"['water', '-1']"
Dewott,5,0.8,24.5,"['Torrent', 'Shell Armor']",75,75,60,60,83,60,5120,88.1,0,"['water', '-1']"
Samurott,5,1.5,94.6,"['Torrent', 'Shell Armor']",95,100,85,70,108,70,5120,88.1,0,"['water', '-1']"
Patrat,5,0.5,11.6,"['Run Away', 'Keen Eye', 'Analytic']",45,55,39,42,35,39,3840,50.0,0,"['normal', '-1']"
Watchog,5,1.1,27.0,"['Illuminate', 'Keen Eye', 'Analytic']",60,85,69,77,60,69,5120,50.0,0,"['normal', '-1']"
Lillipup,5,0.4,4.1,"['Vital Spirit', 'Pickup', 'Run Away']",45,60,45,55,25,45,3840,50.0,0,"['normal', '-1']"
Herdier,5,0.9,14.7,"['Intimidate', 'Sand Rush', 'Scrappy']",65,80,65,60,35,65,3840,50.0,0,"['normal', '-1']"
Stoutland,5,1.2,61.0,"['Intimidate', 'Sand Rush', 'Scrappy']",85,110,90,80,45,90,3840,50.0,0,"['normal', '-1']"
Purrloin,5,0.4,10.1,"['Limber', 'Unburden', 'Prankster']",41,50,37,66,50,37,5120,50.0,0,"['dark', '-1']"
Liepard,5,1.1,37.5,"['Limber', 'Unburden', 'Prankster']",64,88,50,106,88,50,5120,50.0,0,"['dark', '-1']"
Pansage,5,0.6,10.5,"['Gluttony', 'Overgrow']",50,53,48,64,53,48,5120,88.1,0,"['grass', '-1']"
Simisage,5,1.1,30.5,"['Gluttony', 'Overgrow']",75,98,63,101,98,63,5120,88.1,0,"['grass', '-1']"
Pansear,5,0.6,11.0,"['Gluttony', 'Blaze']",50,53,48,64,53,48,5120,88.1,0,"['fire', '-1']"
Simisear,5,1.0,28.0,"['Gluttony', 'Blaze']",75,98,63,101,98,63,5120,88.1,0,"['fire', '-1']"
Panpour,5,0.6,13.5,"['Gluttony', 'Torrent']",50,53,48,64,53,48,5120,88.1,0,"['water', '-1']"
Simipour,5,1.0,29.0,"['Gluttony', 'Torrent']",75,98,63,101,98,63,5120,88.1,0,"['water', '-1']"
Munna,5,0.6,23.3,"['Forewarn', 'Synchronize', 'Telepathy']",76,25,45,24,67,55,2560,50.0,0,"['psychic', '-1']"
Musharna,5,1.1,60.5,"['Forewarn', 'Synchronize', 'Telepathy']",116,55,85,29,107,95,2560,50.0,0,"['psychic', '-1']"
Pidove,5,0.3,2.1,"['Big Pecks', 'Super Luck', 'Rivalry']",50,55,50,43,36,30,3840,50.0,0,"['normal', 'flying']"
Tranquill,5,0.6,15.0,"['Big Pecks', 'Super Luck', 'Rivalry']",62,77,62,65,50,42,3840,50.0,0,"['normal', 'flying']"
Unfezant,5,1.2,29.0,"['Big Pecks', 'Super Luck', 'Rivalry']",80,115,80,93,65,55,3840,50.0,0,"['normal', 'flying']"
Blitzle,5,0.8,29.8,"['Lightningrod', 'Motor Drive', 'Sap Sipper']",45,60,32,76,50,32,5120,50.0,0,"['electric', '-1']"
Zebstrika,5,1.6,79.5,"['Lightningrod', 'Motor Drive', 'Sap Sipper']",75,100,63,116,80,63,5120,50.0,0,"['electric', '-1']"
Roggenrola,5,0.4,18.0,"['Sturdy', 'Weak Armor', 'Sand Force']",55,75,85,15,25,25,3840,50.0,0,"['rock', '-1']"
Boldore,5,0.9,102.0,"['Sturdy', 'Weak Armor', 'Sand Force']",70,105,105,20,50,40,3840,50.0,0,"['rock', '-1']"
Gigalith,5,1.7,260.0,"['Sturdy', 'Sand Stream', 'Sand Force']",85,135,130,25,60,80,3840,50.0,0,"['rock', '-1']"
Woobat,5,0.4,2.1,"['Unaware', 'Klutz', 'Simple']",65,45,43,72,55,43,3840,50.0,0,"['psychic', 'flying']"
Swoobat,5,0.9,10.5,"['Unaware', 'Klutz', 'Simple']",67,57,55,114,77,55,3840,50.0,0,"['psychic', 'flying']"
Drilbur,5,0.3,8.5,"['Sand Rush', 'Sand Force', 'Mold Breaker']",60,85,40,68,30,45,5120,50.0,0,"['ground', '-1']"
Excadrill,5,0.7,40.4,"['Sand Rush', 'Sand Force', 'Mold Breaker']",110,135,60,88,50,65,5120,50.0,0,"['ground', 'steel']"
Audino,5,1.1,31.0,"['Healer', 'Regenerator', 'Klutz']",103,60,126,50,80,126,5120,50.0,0,"['normal', '-1']"
Timburr,5,0.6,12.5,"['Guts', 'Sheer Force', 'Iron Fist']",75,80,55,35,25,35,5120,75.4,0,"['fighting', '-1']"
Gurdurr,5,1.2,40.0,"['Guts', 'Sheer Force', 'Iron Fist']",85,105,85,40,40,50,5120,75.4,0,"['fighting', '-1']"
Conkeldurr,5,1.4,87.0,"['Guts', 'Sheer Force', 'Iron Fist']",105,140,95,45,55,65,5120,75.4,0,"['fighting', '-1']"
Tympole,5,0.5,4.5,"['Swift Swim', 'Hydration', 'Water Absorb']",50,50,40,64,50,40,5120,50.0,0,"['water', '-1']"
Palpitoad,5,0.8,17.0,"['Swift Swim', 'Hydration', 'Water Absorb']",75,65,55,69,65,55,5120,50.0,0,"['water', 'ground']"
Seismitoad,5,1.5,62.0,"['Swift Swim', 'Poison Touch', 'Water Absorb']",105,95,75,74,85,75,5120,50.0,0,"['water', 'ground']"
Throh,5,1.3,55.5,"['Guts', 'Inner Focus', 'Mold Breaker']",120,100,85,45,30,85,5120,100.0,0,"['fighting', '-1']"
Sawk,5,1.4,51.0,"['Sturdy', 'Inner Focus', 'Mold Breaker']",75,125,75,85,30,75,5120,100.0,0,"['fighting', '-1']"
Sewaddle,5,0.3,2.5,"['Swarm', 'Chlorophyll', 'Overcoat']",45,53,70,42,40,60,3840,50.0,0,"['bug', 'grass']"
Swadloon,5,0.5,7.3,"['Leaf Guard', 'Chlorophyll', 'Overcoat']",55,63,90,42,50,80,3840,50.0,0,"['bug', 'grass']"
Leavanny,5,1.2,20.5,"['Swarm', 'Chlorophyll', 'Overcoat']",75,103,80,92,70,80,3840,50.0,0,"['bug', 'grass']"
Venipede,5,0.4,5.3,"['Poison Point', 'Swarm', 'Speed Boost']",30,45,59,57,30,39,3840,50.0,0,"['bug', 'poison']"
Whirlipede,5,1.2,58.5,"['Poison Point', 'Swarm', 'Speed Boost']",40,55,99,47,40,79,3840,50.0,0,"['bug', 'poison']"
Scolipede,5,2.5,200.5,"['Poison Point', 'Swarm', 'Speed Boost']",60,100,89,112,55,69,5120,50.0,0,"['bug', 'poison']"
Cottonee,5,0.3,0.6,"['Prankster', 'Infiltrator', 'Chlorophyll']",40,27,60,66,37,50,5120,50.0,0,"['grass', 'fairy']"
Whimsicott,5,0.7,6.6,"['Prankster', 'Infiltrator', 'Chlorophyll']",60,67,85,116,77,75,5120,50.0,0,"['grass', 'fairy']"
Petilil,5,0.5,6.6,"['Chlorophyll', 'Own Tempo', 'Leaf Guard']",45,35,50,30,70,50,5120,0.0,0,"['grass', '-1']"
Lilligant,5,1.1,16.3,"['Chlorophyll', 'Own Tempo', 'Leaf Guard']",70,60,75,90,110,75,5120,0.0,0,"['grass', '-1']"
Basculin,5,1.0,18.0,"['Reckless', 'Rock Head', 'Adaptability', 'Mold Breaker']",70,92,65,98,80,55,10240,50.0,0,"['water', '-1']"
Sandile,5,0.7,15.2,"['Intimidate', 'Moxie', 'Anger Point']",50,72,35,65,35,35,5120,50.0,0,"['ground', 'dark']"
Krokorok,5,1.0,33.4,"['Intimidate', 'Moxie', 'Anger Point']",60,82,45,74,45,45,5120,50.0,0,"['ground', 'dark']"
Krookodile,5,1.5,96.3,"['Intimidate', 'Moxie', 'Anger Point']",95,117,80,92,65,70,5120,50.0,0,"['ground', 'dark']"
Darumaka,5,0.6,37.5,"['Hustle', 'Inner Focus']",70,90,45,50,15,45,5120,50.0,0,"['fire', '-1']"
Darmanitan,5,1.3,92.9,"['Sheer Force', 'Zen Mode']",105,30,105,55,140,105,5120,50.0,0,"['fire', 'fire']"
Maractus,5,1.0,28.0,"['Water Absorb', 'Chlorophyll', 'Storm Drain']",75,86,67,60,106,67,5120,50.0,0,"['grass', '-1']"
Dwebble,5,0.3,14.5,"['Sturdy', 'Shell Armor', 'Weak Armor']",50,65,85,55,35,35,5120,50.0,0,"['bug', 'rock']"
Crustle,5,1.4,200.0,"['Sturdy', 'Shell Armor', 'Weak Armor']",70,105,125,45,65,75,5120,50.0,0,"['bug', 'rock']"
Scraggy,5,0.6,11.8,"['Shed Skin', 'Moxie', 'Intimidate']",50,75,70,48,35,70,3840,50.0,0,"['dark', 'fighting']"
Scrafty,5,1.1,30.0,"['Shed Skin', 'Moxie', 'Intimidate']",65,90,115,58,45,115,3840,50.0,0,"['dark', 'fighting']"
Sigilyph,5,1.4,14.0,"['Wonder Skin ', 'Magic Guard', 'Tinted Lens']",72,58,80,97,103,80,5120,50.0,0,"['psychic', 'flying']"
Yamask,5,0.5,1.5,['Mummy'],38,30,85,30,55,65,6400,50.0,0,"['ghost', '-1']"
Cofagrigus,5,1.7,76.5,['Mummy'],58,50,145,30,95,105,6400,50.0,0,"['ghost', '-1']"
Tirtouga,5,0.7,16.5,"['Solid Rock', 'Sturdy', 'Swift Swim']",54,78,103,22,53,45,7680,88.1,0,"['water', 'rock']"
Carracosta,5,1.2,81.0,"['Solid Rock', 'Sturdy', 'Swift Swim']",74,108,133,32,83,65,7680,88.1,0,"['water', 'rock']"
Archen,5,0.5,9.5,['Defeatist'],55,112,45,70,74,45,7680,88.1,0,"['rock', 'flying']"
Archeops,5,1.4,32.0,['Defeatist'],75,140,65,110,112,65,7680,88.1,0,"['rock', 'flying']"
Trubbish,5,0.6,31.0,"['Stench', 'Sticky Hold', 'Aftermath']",50,50,62,65,40,62,5120,50.0,0,"['poison', '-1']"
Garbodor,5,1.9,107.3,"['Stench', 'Weak Armor', 'Aftermath']",80,95,82,75,60,82,5120,50.0,0,"['poison', '-1']"
Zorua,5,0.7,12.5,['Illusion'],40,65,40,65,80,40,6400,88.1,0,"['dark', '-1']"
Zoroark,5,1.6,81.1,['Illusion'],60,105,60,105,120,60,5120,88.1,0,"['dark', '-1']"
Minccino,5,0.4,5.8,"['Cute Charm', 'Technician', 'Skill Link']",55,50,40,75,40,40,3840,24.6,0,"['normal', '-1']"
Cinccino,5,0.5,7.5,"['Cute Charm', 'Technician', 'Skill Link']",75,95,60,115,65,60,3840,24.6,0,"['normal', '-1']"
Gothita,5,0.4,5.8,"['Frisk', 'Competitive', 'Shadow Tag']",45,30,50,45,55,65,5120,24.6,0,"['psychic', '-1']"
Gothorita,5,0.7,18.0,"['Frisk', 'Competitive', 'Shadow Tag']",60,45,70,55,75,85,5120,24.6,0,"['psychic', '-1']"
Gothitelle,5,1.5,44.0,"['Frisk', 'Competitive', 'Shadow Tag']",70,55,95,65,95,110,5120,24.6,0,"['psychic', '-1']"
Solosis,5,0.3,1.0,"['Overcoat', 'Magic Guard', 'Regenerator']",45,30,40,20,105,50,5120,50.0,0,"['psychic', '-1']"
Duosion,5,0.6,8.0,"['Overcoat', 'Magic Guard', 'Regenerator']",65,40,50,30,125,60,5120,50.0,0,"['psychic', '-1']"
Reuniclus,5,1.0,20.1,"['Overcoat', 'Magic Guard', 'Regenerator']",110,65,75,30,125,85,5120,50.0,0,"['psychic', '-1']"
Ducklett,5,0.5,5.5,"['Keen Eye', 'Big Pecks', 'Hydration']",62,44,50,55,44,50,5120,50.0,0,"['water', 'flying']"
Swanna,5,1.3,24.2,"['Keen Eye', 'Big Pecks', 'Hydration']",75,87,63,98,87,63,5120,50.0,0,"['water', 'flying']"
Vanillite,5,0.4,5.7,"['Ice Body', 'Snow Cloak', 'Weak Armor']",36,50,50,44,65,60,5120,50.0,0,"['ice', '-1']"
Vanillish,5,1.1,41.0,"['Ice Body', 'Snow Cloak', 'Weak Armor']",51,65,65,59,80,75,5120,50.0,0,"['ice', '-1']"
Vanilluxe,5,1.3,57.5,"['Ice Body', 'Snow Warning', 'Weak Armor']",71,95,85,79,110,95,5120,50.0,0,"['ice', '-1']"
Deerling,5,0.6,19.5,"['Chlorophyll', 'Sap Sipper', 'Serene Grace']",60,60,50,75,40,50,5120,50.0,0,"['normal', 'grass']"
Sawsbuck,5,1.9,92.5,"['Chlorophyll', 'Sap Sipper', 'Serene Grace']",80,100,70,95,60,70,5120,50.0,0,"['normal', 'grass']"
Emolga,5,0.4,5.0,"['Static', 'Motor Drive']",55,75,60,103,75,60,5120,50.0,0,"['electric', 'flying']"
Karrablast,5,0.5,5.9,"['Swarm', 'Shed Skin', 'No Guard']",50,75,45,60,40,45,3840,50.0,0,"['bug', '-1']"
Escavalier,5,1.0,33.0,"['Swarm', 'Shell Armor', 'Overcoat']",70,135,105,20,60,105,3840,50.0,0,"['bug', 'steel']"
Foongus,5,0.2,1.0,"['Effect Spore', 'Regenerator']",69,55,45,15,55,55,5120,50.0,0,"['grass', 'poison']"
Amoonguss,5,0.6,10.5,"['Effect Spore', 'Regenerator']",114,85,70,30,85,80,5120,50.0,0,"['grass', 'poison']"
Frillish,5,1.2,33.0,"['Water Absorb', 'Cursed Body', 'Damp']",55,40,50,40,65,85,5120,50.0,0,"['water', 'ghost']"
Jellicent,5,2.2,135.0,"['Water Absorb', 'Cursed Body', 'Damp']",100,60,70,60,85,105,5120,50.0,0,"['water', 'ghost']"
Alomomola,5,1.2,31.6,"['Healer', 'Hydration', 'Regenerator']",165,75,80,65,40,45,10240,50.0,0,"['water', '-1']"
Joltik,5,0.1,0.6,"['Compoundeyes', 'Unnerve', 'Swarm']",50,47,50,65,57,50,5120,50.0,0,"['bug', 'electric']"
Galvantula,5,0.8,14.3,"['Compoundeyes', 'Unnerve', 'Swarm']",70,77,60,108,97,60,5120,50.0,0,"['bug', 'electric']"
Ferroseed,5,0.6,18.8,['Iron Barbs'],44,50,91,10,24,86,5120,50.0,0,"['grass', 'steel']"
Ferrothorn,5,1.0,110.0,"['Iron Barbs', 'Anticipation']",74,94,131,20,54,116,5120,50.0,0,"['grass', 'steel']"
Klink,5,0.3,21.0,"['Plus', 'Minus', 'Clear Body']",40,55,70,30,45,60,5120,-1.0,0,"['steel', '-1']"
Klang,5,0.6,51.0,"['Plus', 'Minus', 'Clear Body']",60,80,95,50,70,85,5120,-1.0,0,"['steel', '-1']"
Klinklang,5,0.6,81.0,"['Plus', 'Minus', 'Clear Body']",60,100,115,90,70,85,5120,-1.0,0,"['steel', '-1']"
Tynamo,5,0.2,0.3,['Levitate'],35,55,40,60,45,40,5120,50.0,0,"['electric', '-1']"
Eelektrik,5,1.2,22.0,['Levitate'],65,85,70,40,75,70,5120,50.0,0,"['electric', '-1']"
Eelektross,5,2.1,80.5,['Levitate'],85,115,80,50,105,80,5120,50.0,0,"['electric', '-1']"
Elgyem,5,0.5,9.0,"['Telepathy', 'Synchronize', 'Analytic']",55,55,55,30,85,55,5120,50.0,0,"['psychic', '-1']"
Beheeyem,5,1.0,34.5,"['Telepathy', 'Synchronize', 'Analytic']",75,75,75,40,125,95,5120,50.0,0,"['psychic', '-1']"
Litwick,5,0.3,3.1,"['Flash Fire', 'Flame Body', 'Infiltrator']",50,30,55,20,65,55,5120,50.0,0,"['ghost', 'fire']"
Lampent,5,0.6,13.0,"['Flash Fire', 'Flame Body', 'Infiltrator']",60,40,60,55,95,60,5120,50.0,0,"['ghost', 'fire']"
Chandelure,5,1.0,34.3,"['Flash Fire', 'Flame Body', 'Infiltrator']",60,55,90,80,145,90,5120,50.0,0,"['ghost', 'fire']"
Axew,5,0.6,18.0,"['Rivalry', 'Mold Breaker', 'Unnerve']",46,87,60,57,30,40,10240,50.0,0,"['dragon', '-1']"
Fraxure,5,1.0,36.0,"['Rivalry', 'Mold Breaker', 'Unnerve']",66,117,70,67,40,50,10240,50.0,0,"['dragon', '-1']"
Haxorus,5,1.8,105.5,"['Rivalry', 'Mold Breaker', 'Unnerve']",76,147,90,97,60,70,10240,50.0,0,"['dragon', '-1']"
Cubchoo,5,0.5,8.5,"['Snow Cloak', 'Slush Rush', 'Rattled']",55,70,40,40,60,40,5120,50.0,0,"['ice', '-1']"
Beartic,5,2.6,260.0,"['Snow Cloak', 'Slush Rush', 'Swift Swim']",95,130,80,50,70,80,5120,50.0,0,"['ice', '-1']"
Cryogonal,5,1.1,148.0,['Levitate'],80,50,50,105,95,135,6400,-1.0,0,"['ice', '-1']"
Shelmet,5,0.4,7.7,"['Hydration', 'Shell Armor', 'Overcoat']",50,40,85,25,40,65,3840,50.0,0,"['bug', '-1']"
Accelgor,5,0.8,25.3,"['Hydration', 'Sticky Hold', 'Unburden']",80,70,40,145,100,60,3840,50.0,0,"['bug', '-1']"
Stunfisk,5,0.7,11.0,"['Static', 'Limber', 'Sand Veil']",109,66,84,32,81,99,5120,50.0,0,"['ground', 'electric']"
Mienfoo,5,0.9,20.0,"['Inner Focus', 'Regenerator', 'Reckless']",45,85,50,65,55,50,6400,50.0,0,"['fighting', '-1']"
Mienshao,5,1.4,35.5,"['Inner Focus', 'Regenerator', 'Reckless']",65,125,60,105,95,60,6400,50.0,0,"['fighting', '-1']"
Druddigon,5,1.6,139.0,"['Rough Skin', 'Sheer Force', 'Mold Breaker']",77,120,90,48,60,90,7680,50.0,0,"['dragon', '-1']"
Golett,5,1.0,92.0,"['Iron Fist', 'Klutz', 'No Guard']",59,74,50,35,35,50,6400,-1.0,0,"['ground', 'ghost']"
Golurk,5,2.8,330.0,"['Iron Fist', 'Klutz', 'No Guard']",89,124,80,55,55,80,6400,-1.0,0,"['ground', 'ghost']"
Pawniard,5,0.5,10.2,"['Defiant', 'Inner Focus', 'Pressure']",45,85,70,60,40,40,5120,50.0,0,"['dark', 'steel']"
Bisharp,5,1.6,70.0,"['Defiant', 'Inner Focus', 'Pressure']",65,125,100,70,60,70,5120,50.0,0,"['dark', 'steel']"
Bouffalant,5,1.6,94.6,"['Reckless', 'Sap Sipper', 'Soundproof']",95,110,95,55,40,95,5120,50.0,0,"['normal', '-1']"
Rufflet,5,0.5,10.5,"['Keen Eye', 'Sheer Force', 'Hustle']",70,83,50,60,37,50,5120,100.0,0,"['normal', 'flying']"
Braviary,5,1.5,41.0,"['Keen Eye', 'Sheer Force', 'Defiant']",100,123,75,80,57,75,5120,100.0,0,"['normal', 'flying']"
Vullaby,5,0.5,9.0,"['Big Pecks', 'Overcoat', 'Weak Armor']",70,55,75,60,45,65,5120,0.0,0,"['dark', 'flying']"
Mandibuzz,5,1.2,39.5,"['Big Pecks', 'Overcoat', 'Weak Armor']",110,65,105,80,55,95,5120,0.0,0,"['dark', 'flying']"
Heatmor,5,1.4,58.0,"['Gluttony', 'Flash Fire', 'White Smoke']",85,97,66,65,105,66,5120,50.0,0,"['fire', '-1']"
Durant,5,0.3,33.0,"['Swarm', 'Hustle', 'Truant']",58,109,112,109,48,48,5120,50.0,0,"['bug', 'steel']"
Deino,5,0.8,17.3,['Hustle'],52,65,50,38,45,50,10240,50.0,0,"['dark', 'dragon']"
Zweilous,5,1.4,50.0,['Hustle'],72,85,70,58,65,70,10240,50.0,0,"['dark', 'dragon']"
Hydreigon,5,1.8,160.0,['Levitate'],92,105,90,98,125,90,10240,50.0,0,"['dark', 'dragon']"
Larvesta,5,1.1,28.8,"['Flame Body', 'Swarm']",55,85,55,60,50,55,10240,50.0,0,"['bug', 'fire']"
Volcarona,5,1.6,46.0,"['Flame Body', 'Swarm']",85,60,65,100,135,105,10240,50.0,0,"['bug', 'fire']"
Cobalion,5,2.1,250.0,['Justified'],91,90,129,108,90,72,20480,-1.0,1,"['steel', 'fighting']"
Terrakion,5,1.9,260.0,['Justified'],91,129,90,108,72,90,20480,-1.0,1,"['rock', 'fighting']"
Virizion,5,2.0,200.0,['Justified'],91,90,72,108,90,129,20480,-1.0,1,"['grass', 'fighting']"
Tornadus,5,1.5,63.0,"['Prankster', 'Defiant', 'Regenerator']",79,100,80,121,110,90,30720,100.0,1,"['flying', '-1']"
Thundurus,5,1.5,61.0,"['Prankster', 'Defiant', 'Volt Absorb']",79,105,70,101,145,80,30720,100.0,1,"['electric', 'flying']"
Reshiram,5,3.2,330.0,['Turboblaze'],100,120,100,90,150,120,30720,-1.0,1,"['dragon', 'fire']"
Zekrom,5,2.9,345.0,['Teravolt'],100,150,120,90,120,100,30720,-1.0,1,"['dragon', 'electric']"
Landorus,5,1.5,68.0,"['Sand Force', 'Sheer Force', 'Intimidate']",89,145,90,91,105,80,30720,100.0,1,"['ground', 'flying']"
Kyurem,5,3.0,325.0,"['Pressure', 'Teravolt', 'Turboblaze']",125,120,90,95,170,100,30720,-1.0,1,"['dragon', 'ice']"
Keldeo,5,1.4,48.5,['Justified'],91,72,90,108,129,90,20480,-1.0,1,"['water', 'fighting']"
Meloetta,5,0.6,6.5,['Serene Grace'],100,128,90,128,77,77,30720,-1.0,1,"['normal', 'psychic']"
Genesect,5,1.5,82.5,['Download'],71,120,95,99,120,95,30720,-1.0,1,"['bug', 'steel']"
Chespin,6,0.4,9.0,"['Overgrow', 'Bulletproof']",56,61,65,38,48,45,5120,88.1,0,"['grass', '-1']"
Quilladin,6,0.7,29.0,"['Overgrow', 'Bulletproof']",61,78,95,57,56,58,5120,88.1,0,"['grass', '-1']"
Chesnaught,6,1.6,90.0,"['Overgrow', 'Bulletproof']",88,107,122,64,74,75,5120,88.1,0,"['grass', 'fighting']"
Fennekin,6,0.4,9.4,"['Blaze', 'Magician']",40,45,40,60,62,60,5120,88.1,0,"['fire', '-1']"
Braixen,6,1.0,14.5,"['Blaze', 'Magician']",59,59,58,73,90,70,5120,88.1,0,"['fire', '-1']"
Delphox,6,1.5,39.0,"['Blaze', 'Magician']",75,69,72,104,114,100,5120,88.1,0,"['fire', 'psychic']"
Froakie,6,0.3,7.0,"['Torrent', 'Protean']",41,56,40,71,62,44,5120,88.1,0,"['water', '-1']"
Frogadier,6,0.6,10.9,"['Torrent', 'Protean']",54,63,52,97,83,56,5120,88.1,0,"['water', '-1']"
Greninja,6,1.5,40.0,"['Torrent', 'Protean', 'Battle Bond']",72,145,67,132,153,71,5120,88.1,0,"['water', 'dark']"
Bunnelby,6,0.4,5.0,"['Pickup', 'Cheek Pouch', 'Huge Power']",38,36,38,57,32,36,3840,50.0,0,"['normal', '-1']"
Diggersby,6,1.0,42.4,"['Pickup', 'Cheek Pouch', 'Huge Power']",85,56,77,78,50,77,3840,50.0,0,"['normal', 'ground']"
Fletchling,6,0.3,1.7,"['Big Pecks', 'Gale Wings']",45,50,43,62,40,38,3840,50.0,0,"['normal', 'flying']"
Fletchinder,6,0.7,16.0,"['Flame Body', 'Gale Wings']",62,73,55,84,56,52,3840,50.0,0,"['fire', 'flying']"
Talonflame,6,1.2,24.5,"['Flame Body', 'Gale Wings']",78,81,71,126,74,69,3840,50.0,0,"['fire', 'flying']"
Scatterbug,6,0.3,2.5,"['Shield Dust', 'Compoundeyes', 'Friend Guard']",38,35,40,35,27,25,3840,50.0,0,"['bug', '-1']"
Spewpa,6,0.3,8.4,"['Shed Skin', 'Friend Guard']",45,22,60,29,27,30,3840,50.0,0,"['bug', '-1']"
Vivillon,6,1.2,17.0,"['Shield Dust', 'Compoundeyes', 'Friend Guard']",80,52,50,89,90,50,3840,50.0,0,"['bug', 'flying']"
Litleo,6,0.6,13.5,"['Rivalry', 'Unnerve', 'Moxie']",62,50,58,72,73,54,5120,11.2,0,"['fire', 'normal']"
Pyroar,6,1.5,81.5,"['Rivalry', 'Unnerve', 'Moxie']",86,68,72,106,109,66,5120,11.2,0,"['fire', 'normal']"
FlabÃ©bÃ©,6,0.1,0.1,"['Flower Veil', 'Symbiosis']",44,38,39,42,61,79,5120,0.0,0,"['fairy', '-1']"
Floette,6,0.2,0.9,"['Flower Veil', 'Symbiosis']",74,65,67,92,125,128,5120,0.0,0,"['fairy', '-1']"
Florges,6,1.1,10.0,"['Flower Veil', 'Symbiosis']",78,65,68,75,112,154,5120,0.0,0,"['fairy', '-1']"
Skiddo,6,0.9,31.0,"['Sap Sipper', 'Grass Pelt']",66,65,48,52,62,57,5120,50.0,0,"['grass', '-1']"
Gogoat,6,1.7,91.0,"['Sap Sipper', 'Grass Pelt']",123,100,62,68,97,81,5120,50.0,0,"['grass', '-1']"
Pancham,6,0.6,8.0,"['Iron Fist', 'Mold Breaker', 'Scrappy']",67,82,62,43,46,48,6400,50.0,0,"['fighting', '-1']"
Pangoro,6,2.1,136.0,"['Iron Fist', 'Mold Breaker', 'Scrappy']",95,124,78,58,69,71,6400,50.0,0,"['fighting', 'dark']"
Furfrou,6,1.2,28.0,['Fur Coat'],75,80,60,102,65,90,5120,50.0,0,"['normal', '-1']"
Espurr,6,0.3,3.5,"['Keen Eye', 'Infiltrator', 'Own Tempo']",62,48,54,68,63,60,5120,50.0,0,"['psychic', '-1']"
Meowstic,6,0.6,8.5,"['Keen Eye', 'Infiltrator', 'Prankster', 'Competitive']",74,48,76,104,83,81,5120,50.0,0,"['psychic', '-1']"
Honedge,6,0.8,2.0,['No Guard'],45,80,100,28,35,37,5120,50.0,0,"['steel', 'ghost']"
Doublade,6,0.8,4.5,['No Guard'],59,110,150,35,45,49,5120,50.0,0,"['steel', 'ghost']"
Aegislash,6,1.7,53.0,['Stance Change'],60,150,50,60,150,50,5120,50.0,0,"['steel', 'ghost']"
Spritzee,6,0.2,0.5,"['Healer', 'Aroma Veil']",78,52,60,23,63,65,5120,50.0,0,"['fairy', '-1']"
Aromatisse,6,0.8,15.5,"['Healer', 'Aroma Veil']",101,72,72,29,99,89,5120,50.0,0,"['fairy', '-1']"
Swirlix,6,0.4,3.5,"['Sweet Veil', 'Unburden']",62,48,66,49,59,57,5120,50.0,0,"['fairy', '-1']"
Slurpuff,6,0.8,5.0,"['Sweet Veil', 'Unburden']",82,80,86,72,85,75,5120,50.0,0,"['fairy', '-1']"
Inkay,6,0.4,3.5,"['Contrary', 'Suction Cups', 'Infiltrator']",53,54,53,45,37,46,5120,50.0,0,"['dark', 'psychic']"
Malamar,6,1.5,47.0,"['Contrary', 'Suction Cups', 'Infiltrator']",86,92,88,73,68,75,5120,50.0,0,"['dark', 'psychic']"
Binacle,6,0.5,31.0,"['Tough Claws', 'Sniper', 'Pickpocket']",42,52,67,50,39,56,5120,50.0,0,"['rock', 'water']"
Barbaracle,6,1.3,96.0,"['Tough Claws', 'Sniper', 'Pickpocket']",72,105,115,68,54,86,5120,50.0,0,"['rock', 'water']"
Skrelp,6,0.5,7.3,"['Poison Point', 'Poison Touch', 'Adaptability']",50,60,60,30,60,60,5120,50.0,0,"['poison', 'water']"
Dragalge,6,1.8,81.5,"['Poison Point', 'Poison Touch', 'Adaptability']",65,75,90,44,97,123,5120,50.0,0,"['poison', 'dragon']"
Clauncher,6,0.5,8.3,['Mega Launcher'],50,53,62,44,58,63,3840,50.0,0,"['water', '-1']"
Clawitzer,6,1.3,35.3,['Mega Launcher'],71,73,88,59,120,89,3840,50.0,0,"['water', '-1']"
Helioptile,6,0.5,6.0,"['Dry Skin', 'Sand Veil', 'Solar Power']",44,38,33,70,61,43,5120,50.0,0,"['electric', 'normal']"
Heliolisk,6,1.0,21.0,"['Dry Skin', 'Sand Veil', 'Solar Power']",62,55,52,109,109,94,5120,50.0,0,"['electric', 'normal']"
Tyrunt,6,0.8,26.0,"['Strong Jaw', 'Sturdy']",58,89,77,48,45,45,7680,88.1,0,"['rock', 'dragon']"
Tyrantrum,6,2.5,270.0,"['Strong Jaw', 'Rock Head']",82,121,119,71,69,59,7680,88.1,0,"['rock', 'dragon']"
Amaura,6,1.3,25.2,"['Refrigerate', 'Snow Warning']",77,59,50,46,67,63,7680,88.1,0,"['rock', 'ice']"
Aurorus,6,2.7,225.0,"['Refrigerate', 'Snow Warning']",123,77,72,58,99,92,7680,88.1,0,"['rock', 'ice']"
Sylveon,6,1.0,23.5,"['Cute Charm', 'Pixilate']",95,65,65,60,110,130,8960,88.1,0,"['fairy', '-1']"
Hawlucha,6,0.8,21.5,"['Limber', 'Unburden', 'Mold Breaker']",78,92,75,118,74,63,5120,50.0,0,"['fighting', 'flying']"
Dedenne,6,0.2,2.2,"['Cheek Pouch', 'Pickup', 'Plus']",67,58,57,101,81,67,5120,50.0,0,"['electric', 'fairy']"
Carbink,6,0.3,5.7,"['Clear Body', 'Sturdy']",50,50,150,50,50,150,6400,-1.0,0,"['rock', 'fairy']"
Goomy,6,0.3,2.8,"['Sap Sipper', 'Hydration', 'Gooey']",45,50,35,40,55,75,10240,50.0,0,"['dragon', '-1']"
Sliggoo,6,0.8,17.5,"['Sap Sipper', 'Hydration', 'Gooey']",68,75,53,60,83,113,10240,50.0,0,"['dragon', '-1']"
Goodra,6,2.0,150.5,"['Sap Sipper', 'Hydration', 'Gooey']",90,100,70,80,110,150,10240,50.0,0,"['dragon', '-1']"
Klefki,6,0.2,3.0,"['Prankster', 'Magician']",57,80,91,75,80,87,5120,50.0,0,"['steel', 'fairy']"
Phantump,6,0.4,7.0,"['Natural Cure', 'Frisk', 'Harvest']",43,70,48,38,50,60,5120,50.0,0,"['ghost', 'grass']"
Trevenant,6,1.5,71.0,"['Natural Cure', 'Frisk', 'Harvest']",85,110,76,56,65,82,5120,50.0,0,"['ghost', 'grass']"
Pumpkaboo,6,0.8,15.0,"['Pickup', 'Frisk', 'Insomnia']",59,66,70,41,44,55,5120,50.0,0,"['ghost', 'grass']"
Gourgeist,6,1.7,39.0,"['Pickup', 'Frisk', 'Insomnia']",85,100,122,54,58,75,5120,50.0,0,"['ghost', 'grass']"
Bergmite,6,1.0,99.5,"['Own Tempo', 'Ice Body', 'Sturdy']",55,69,85,28,32,35,5120,50.0,0,"['ice', '-1']"
Avalugg,6,2.0,505.0,"['Own Tempo', 'Ice Body', 'Sturdy']",95,117,184,28,44,46,5120,50.0,0,"['ice', '-1']"
Noibat,6,0.5,8.0,"['Frisk', 'Infiltrator', 'Telepathy']",40,30,35,55,45,40,5120,50.0,0,"['flying', 'dragon']"
Noivern,6,1.5,85.0,"['Frisk', 'Infiltrator', 'Telepathy']",85,70,80,123,97,80,5120,50.0,0,"['flying', 'dragon']"
Xerneas,6,3.0,215.0,['Fairy Aura'],126,131,95,99,131,98,30720,-1.0,1,"['fairy', '-1']"
Yveltal,6,5.8,203.0,['Dark Aura'],126,131,95,99,131,98,30720,-1.0,1,"['dark', 'flying']"
Zygarde,6,5.0,284.6,"['Aura Break', 'Power Construct']",216,100,121,85,91,95,30720,-1.0,1,"['dragon', 'ground']"
Diancie,6,0.7,8.8,['Clear Body'],50,160,110,110,160,110,6400,-1.0,1,"['rock', 'fairy']"
Hoopa,6,-1.0,-1.0,['Magician'],80,160,60,80,170,130,30720,-1.0,1,"['psychic', 'ghost']"
Volcanion,6,1.7,195.0,['Water Absorb'],80,110,120,70,130,90,30720,-1.0,1,"['fire', 'water']"
Rowlet,7,0.3,1.5,"['Overgrow', 'Long Reach']",68,55,55,42,50,50,3840,88.1,0,"['grass', 'flying']"
Dartrix,7,0.7,16.0,"['Overgrow', 'Long Reach']",78,75,75,52,70,70,3840,88.1,0,"['grass', 'flying']"
Decidueye,7,1.6,36.6,"['Overgrow', 'Long Reach']",78,107,75,70,100,100,3840,88.1,0,"['grass', 'ghost']"
Litten,7,0.4,4.3,"['Blaze', 'Intimidate']",45,65,40,70,60,40,3840,88.1,0,"['fire', '-1']"
Torracat,7,0.7,25.0,"['Blaze', 'Intimidate']",65,85,50,90,80,50,3840,88.1,0,"['fire', '-1']"
Incineroar,7,1.8,83.0,"['Blaze', 'Intimidate']",95,115,90,60,80,90,3840,88.1,0,"['fire', 'dark']"
Popplio,7,0.4,7.5,"['Torrent', 'Liquid Voice']",50,54,54,40,66,56,3840,88.1,0,"['water', '-1']"
Brionne,7,0.6,17.5,"['Torrent', 'Liquid Voice']",60,69,69,50,91,81,3840,88.1,0,"['water', '-1']"
Primarina,7,1.8,44.0,"['Torrent', 'Liquid Voice']",80,74,74,60,126,116,3840,88.1,0,"['water', 'fairy']"
Pikipek,7,0.3,1.2,"['Keen Eye', 'Skill Link', 'Pickup']",35,75,30,65,30,30,3840,50.0,0,"['normal', 'flying']"
Trumbeak,7,0.6,14.8,"['Keen Eye', 'Skill Link', 'Pickup']",55,85,50,75,40,50,3840,50.0,0,"['normal', 'flying']"
Toucannon,7,1.1,26.0,"['Keen Eye', 'Skill Link', 'Sheer Force']",80,120,75,60,75,75,3840,50.0,0,"['normal', 'flying']"
Yungoos,7,0.4,6.0,"['Stakeout', 'Strong Jaw', 'Adaptability']",48,70,30,45,30,30,3840,50.0,0,"['normal', '-1']"
Gumshoos,7,0.7,14.2,"['Stakeout', 'Strong Jaw', 'Adaptability']",88,110,60,45,55,60,3840,50.0,0,"['normal', '-1']"
Grubbin,7,0.4,4.4,['Swarm'],47,62,45,46,55,45,3840,50.0,0,"['bug', '-1']"
Charjabug,7,0.5,10.5,['Battery'],57,82,95,36,55,75,3840,50.0,0,"['bug', 'electric']"
Vikavolt,7,1.5,45.0,['Levitate'],77,70,90,43,145,75,3840,50.0,0,"['bug', 'electric']"
Crabrawler,7,0.6,7.0,"['Hyper Cutter', 'Iron Fist', 'Anger Point']",47,82,57,63,42,47,5120,50.0,0,"['fighting', '-1']"
Crabominable,7,1.7,180.0,"['Hyper Cutter', 'Iron Fist', 'Anger Point']",97,132,77,43,62,67,5120,50.0,0,"['fighting', 'ice']"
Oricorio,7,0.6,3.4,['Dancer'],75,70,70,93,98,70,5120,24.6,0,"['fire', 'flying']"
Cutiefly,7,0.1,0.2,"['Honey Gather', 'Shield Dust', 'Sweet Veil']",40,45,40,84,55,40,5120,50.0,0,"['bug', 'fairy']"
Ribombee,7,0.2,0.5,"['Honey Gather', 'Shield Dust', 'Sweet Veil']",60,55,60,124,95,70,5120,50.0,0,"['bug', 'fairy']"
Rockruff,7,0.5,9.2,"['Keen Eye', 'Vital Spirit', 'Steadfast']",45,65,40,60,30,40,3840,50.0,0,"['rock', '-1']"
Lycanroc,7,-1.0,-1.0,"['Keen Eye', 'Sand Rush', 'Steadfast', 'Keen Eye', 'Vital Spirit', 'No Guard']",85,115,75,82,55,75,3840,50.0,0,"['rock', '-1']"
Wishiwashi,7,0.2,0.3,['Schooling'],45,140,130,30,140,135,3840,50.0,0,"['water', '-1']"
Mareanie,7,0.4,8.0,"['Merciless', 'Limber', 'Regenerator']",50,53,62,45,43,52,5120,50.0,0,"['poison', 'water']"
Toxapex,7,0.7,14.5,"['Merciless', 'Limber', 'Regenerator']",50,63,152,35,53,142,5120,50.0,0,"['poison', 'water']"
Mudbray,7,1.0,110.0,"['Own Tempo', 'Stamina', 'Inner Focus']",70,100,70,45,45,55,5120,50.0,0,"['ground', '-1']"
Mudsdale,7,2.5,920.0,"['Own Tempo', 'Stamina', 'Inner Focus']",100,125,100,35,55,85,5120,50.0,0,"['ground', '-1']"
Dewpider,7,0.3,4.0,"['Water Bubble', 'Water Absorb']",38,40,52,27,40,72,3840,50.0,0,"['water', 'bug']"
Araquanid,7,1.8,82.0,"['Water Bubble', 'Water Absorb']",68,70,92,42,50,132,3840,50.0,0,"['water', 'bug']"
Fomantis,7,0.3,1.5,"['Leaf Guard', 'Contrary']",40,55,35,35,50,35,5120,50.0,0,"['grass', '-1']"
Lurantis,7,0.9,18.5,"['Leaf Guard', 'Contrary']",70,105,90,45,80,90,5120,50.0,0,"['grass', '-1']"
Morelull,7,0.2,1.5,"['Illuminate', 'Effect Spore', 'Rain Dish']",40,35,55,15,65,75,5120,50.0,0,"['grass', 'fairy']"
Shiinotic,7,1.0,11.5,"['Illuminate', 'Effect Spore', 'Rain Dish']",60,45,80,30,90,100,5120,50.0,0,"['grass', 'fairy']"
Salandit,7,0.6,4.8,"['Corrosion', 'Oblivious']",48,44,40,77,71,40,5120,88.1,0,"['poison', 'fire']"
Salazzle,7,1.2,22.2,"['Corrosion', 'Oblivious']",68,64,60,117,111,60,5120,0.0,0,"['poison', 'fire']"
Stufful,7,0.5,6.8,"['Fluffy', 'Klutz', 'Cute Charm']",70,75,50,50,45,50,3840,50.0,0,"['normal', 'fighting']"
Bewear,7,2.1,135.0,"['Fluffy', 'Klutz', 'Unnerve']",120,125,80,60,55,60,3840,50.0,0,"['normal', 'fighting']"
Bounsweet,7,0.3,3.2,"['Leaf Guard', 'Oblivious', 'Sweet Veil']",42,30,38,32,30,38,5120,0.0,0,"['grass', '-1']"
Steenee,7,0.7,8.2,"['Leaf Guard', 'Oblivious', 'Sweet Veil']",52,40,48,62,40,48,5120,0.0,0,"['grass', '-1']"
Tsareena,7,1.2,21.4,"['Leaf Guard', 'Queenly Majesty', 'Sweet Veil']",72,120,98,72,50,98,5120,0.0,0,"['grass', '-1']"
Comfey,7,0.1,0.3,"['Flower Veil', 'Triage', 'Natural Cure']",51,52,90,100,82,110,5120,24.6,0,"['fairy', '-1']"
Oranguru,7,1.5,76.0,"['Inner Focus', 'Telepathy', 'Symbiosis']",90,60,80,60,90,110,5120,50.0,0,"['normal', 'psychic']"
Passimian,7,2.0,82.8,"['Receiver', 'Defiant']",100,120,90,80,40,60,5120,50.0,0,"['fighting', '-1']"
Wimpod,7,0.5,12.0,['Wimp Out'],25,35,40,80,20,30,5120,50.0,0,"['bug', 'water']"
Golisopod,7,2.0,108.0,['Emergency Exit'],75,125,140,40,60,90,5120,50.0,0,"['bug', 'water']"
Sandygast,7,0.5,70.0,"['Water Compaction', 'Sand Veil']",55,55,80,15,70,45,3840,50.0,0,"['ghost', 'ground']"
Palossand,7,1.3,250.0,"['Water Compaction', 'Sand Veil']",85,75,110,35,100,75,3840,50.0,0,"['ghost', 'ground']"
Pyukumuku,7,0.3,1.2,"['Innards Out', 'Unaware']",55,60,130,5,30,130,3840,50.0,0,"['water', '-1']"
Type: Null,7,1.9,120.5,['Battle Armor'],95,95,95,59,95,95,30720,-1.0,0,"['normal', '-1']"
Silvally,7,2.3,100.5,['RKS System'],95,95,95,95,95,95,30720,-1.0,0,"['normal', '-1']"
Minior,7,0.3,40.0,['Shields Down'],60,100,60,120,100,60,6400,-1.0,0,"['rock', 'flying']"
Komala,7,0.4,19.9,['Comatose'],65,115,65,65,75,95,5120,50.0,0,"['normal', '-1']"
Turtonator,7,2.0,212.0,['Shell Armor'],60,78,135,36,91,85,5120,50.0,0,"['fire', 'dragon']"
Togedemaru,7,0.3,3.3,"['Iron Barbs', 'Lightningrod', 'Sturdy']",65,98,63,96,40,73,2560,50.0,0,"['electric', 'steel']"
Mimikyu,7,0.2,0.7,['Disguise'],55,90,80,96,50,105,5120,50.0,0,"['ghost', 'fairy']"
Bruxish,7,0.9,19.0,"['Dazzling', 'Strong Jaw', 'Wonder Skin ']",68,105,70,92,70,70,3840,50.0,0,"['water', 'psychic']"
Drampa,7,3.0,185.0,"['Berserk', 'Sap Sipper', 'Cloud Nine']",78,60,85,36,135,91,5120,50.0,0,"['normal', 'dragon']"
Dhelmise,7,3.9,210.0,['Steelworker'],70,131,100,40,86,90,6400,-1.0,0,"['ghost', 'grass']"
Jangmo-o,7,0.6,29.7,"['Bulletproof', 'Soundproof', 'Overcoat']",45,55,65,45,45,45,10240,50.0,0,"['dragon', '-1']"
Hakamo-o,7,1.2,47.0,"['Bulletproof', 'Soundproof', 'Overcoat']",55,75,90,65,65,70,10240,50.0,0,"['dragon', 'fighting']"
Kommo-o,7,1.6,78.2,"['Bulletproof', 'Soundproof', 'Overcoat']",75,110,125,85,100,105,10240,50.0,0,"['dragon', 'fighting']"
Tapu Koko,7,1.8,20.5,"['Electric Surge', 'Telepathy']",70,115,85,130,95,75,3840,-1.0,1,"['electric', 'fairy']"
Tapu Lele,7,1.2,18.6,"['Psychic Surge', 'Telepathy']",70,85,75,95,130,115,3840,-1.0,1,"['psychic', 'fairy']"
Tapu Bulu,7,1.9,45.5,"['Grassy Surge', 'Telepathy']",70,130,115,75,85,95,3840,-1.0,1,"['grass', 'fairy']"
Tapu Fini,7,1.3,21.2,"['Misty Surge', 'Telepathy']",70,75,115,85,95,130,3840,-1.0,1,"['water', 'fairy']"
Cosmog,7,0.2,0.1,['Unaware'],43,29,31,37,29,31,30720,-1.0,1,"['psychic', '-1']"
Cosmoem,7,0.1,999.9,['Sturdy'],43,29,131,37,29,131,30720,-1.0,1,"['psychic', '-1']"
Solgaleo,7,3.4,230.0,['Full Metal Body'],137,137,107,97,113,89,30720,-1.0,1,"['psychic', 'steel']"
Lunala,7,4.0,120.0,['Shadow Shield'],137,113,89,97,137,107,30720,-1.0,1,"['psychic', 'ghost']"
Nihilego,7,1.2,55.5,['Beast Boost'],109,53,47,103,127,131,30720,-1.0,1,"['rock', 'poison']"
Buzzwole,7,2.4,333.6,['Beast Boost'],107,139,139,79,53,53,30720,-1.0,1,"['bug', 'fighting']"
Pheromosa,7,1.8,25.0,['Beast Boost'],71,137,37,151,137,37,30720,-1.0,1,"['bug', 'fighting']"
Xurkitree,7,3.8,100.0,['Beast Boost'],83,89,71,83,173,71,30720,-1.0,1,"['electric', '-1']"
Celesteela,7,9.2,999.9,['Beast Boost'],97,101,103,61,107,101,30720,-1.0,1,"['steel', 'flying']"
Kartana,7,0.3,0.1,['Beast Boost'],59,181,131,109,59,31,30720,-1.0,1,"['grass', 'steel']"
Guzzlord,7,5.5,888.0,['Beast Boost'],223,101,53,43,97,53,30720,-1.0,1,"['dark', 'dragon']"
Necrozma,7,2.4,230.0,['Prism Armor'],97,107,101,79,127,89,30720,-1.0,1,"['psychic', '-1']"
Magearna,7,1.0,80.5,['Soul-Heart'],80,95,115,65,130,115,30720,-1.0,1,"['steel', 'fairy']"
